source_line,section,spec_text,section_status,evidence
1,0,# CreativeManager — Standalone Django + React Platform,Partial acceptance,README.md; FINAL_QA_REPORT.md; KNOWN_LIMITATIONS.md
2,0,## MASTER CODEX BUILD SPECIFICATION / EXECUTION PROMPT,Partial acceptance,README.md; FINAL_QA_REPORT.md; KNOWN_LIMITATIONS.md
4,0,**Source reference:** `CreativeManager-v7.2.19-tested-youtube-resumable.zip`  ,Partial acceptance,README.md; FINAL_QA_REPORT.md; KNOWN_LIMITATIONS.md
5,0,**Target:** a production-ready standalone Creative Operations platform built with Django + React + SQLite.  ,Partial acceptance,README.md; FINAL_QA_REPORT.md; KNOWN_LIMITATIONS.md
6,0,"**Primary language direction:** Arabic/RTL first, with English and French support.  ",Partial acceptance,README.md; FINAL_QA_REPORT.md; KNOWN_LIMITATIONS.md
7,0,"**Operating principle:** preserve the business behavior and useful features of the source module, fix its known defects, remove dependence on the old PHP Core Platform, and redesign the product as a clean standalone application with users, profiles, workspaces, roles, permissions, integrations, auditability, tests, documentation, and deployability.",Partial acceptance,README.md; FINAL_QA_REPORT.md; KNOWN_LIMITATIONS.md
9,0,---,Partial acceptance,README.md; FINAL_QA_REPORT.md; KNOWN_LIMITATIONS.md
11,0,# 0. EXECUTION INSTRUCTION TO CODEX,Partial acceptance,README.md; FINAL_QA_REPORT.md; KNOWN_LIMITATIONS.md
13,0,Read this entire specification before editing or generating code.,Partial acceptance,README.md; FINAL_QA_REPORT.md; KNOWN_LIMITATIONS.md
15,0,"You are acting as the **senior staff software engineer, solution architect, security reviewer, QA engineer, DevOps engineer, and product engineer** for this project.",Partial acceptance,README.md; FINAL_QA_REPORT.md; KNOWN_LIMITATIONS.md
17,0,"You are expected to use the full repository context and all available coding, search, inspection, test, lint, build, browser, terminal, and reasoning capabilities available to you.",Partial acceptance,README.md; FINAL_QA_REPORT.md; KNOWN_LIMITATIONS.md
19,0,Do not treat this as a quick prototype.,Partial acceptance,README.md; FINAL_QA_REPORT.md; KNOWN_LIMITATIONS.md
21,0,The requested output is a **working platform suitable for real internal company use**.,Partial acceptance,README.md; FINAL_QA_REPORT.md; KNOWN_LIMITATIONS.md
23,0,## Mandatory working behavior,Partial acceptance,README.md; FINAL_QA_REPORT.md; KNOWN_LIMITATIONS.md
25,0,1. Inspect the complete supplied reference ZIP before building.,Partial acceptance,README.md; FINAL_QA_REPORT.md; KNOWN_LIMITATIONS.md
26,0,"2. Understand its workflows, schema, services, permissions, integrations, migrations, and UI behavior.",Partial acceptance,README.md; FINAL_QA_REPORT.md; KNOWN_LIMITATIONS.md
27,0,3. Do not blindly translate PHP into Python.,Partial acceptance,README.md; FINAL_QA_REPORT.md; KNOWN_LIMITATIONS.md
28,0,4. Rebuild the domain cleanly using Django/React while preserving valid business behavior.,Partial acceptance,README.md; FINAL_QA_REPORT.md; KNOWN_LIMITATIONS.md
29,0,5. Do not copy known defects from the reference implementation.,Partial acceptance,README.md; FINAL_QA_REPORT.md; KNOWN_LIMITATIONS.md
30,0,"6. Build vertically usable functionality, not empty pages.",Partial acceptance,README.md; FINAL_QA_REPORT.md; KNOWN_LIMITATIONS.md
31,0,7. Run tests continuously.,Partial acceptance,README.md; FINAL_QA_REPORT.md; KNOWN_LIMITATIONS.md
32,0,8. Do not stop after scaffolding.,Partial acceptance,README.md; FINAL_QA_REPORT.md; KNOWN_LIMITATIONS.md
33,0,9. Do not stop for routine checkpoints or ask whether to continue.,Partial acceptance,README.md; FINAL_QA_REPORT.md; KNOWN_LIMITATIONS.md
34,0,10. Work through the milestones automatically until the requested platform is complete.,Partial acceptance,README.md; FINAL_QA_REPORT.md; KNOWN_LIMITATIONS.md
35,0,"11. If a requirement is ambiguous, choose the safest maintainable production-quality interpretation and document the choice.",Partial acceptance,README.md; FINAL_QA_REPORT.md; KNOWN_LIMITATIONS.md
36,0,12. Preserve already-passing functionality whenever you modify an existing implementation.,Partial acceptance,README.md; FINAL_QA_REPORT.md; KNOWN_LIMITATIONS.md
37,0,13. Never fabricate success from an external provider.,Partial acceptance,README.md; FINAL_QA_REPORT.md; KNOWN_LIMITATIONS.md
38,0,14. Never create fake external IDs in production code.,Partial acceptance,README.md; FINAL_QA_REPORT.md; KNOWN_LIMITATIONS.md
39,0,15. Mocks/fakes must live only in explicitly named test/development providers.,Partial acceptance,README.md; FINAL_QA_REPORT.md; KNOWN_LIMITATIONS.md
40,0,"16. A production provider without credentials, authorization, API capability, or a confirmed external response must fail clearly and safely.",Partial acceptance,README.md; FINAL_QA_REPORT.md; KNOWN_LIMITATIONS.md
41,0,"17. Do not expose secrets, OAuth refresh tokens, access tokens, client secrets, passwords, or encryption keys in logs, API payloads, frontend state, or source control.",Partial acceptance,README.md; FINAL_QA_REPORT.md; KNOWN_LIMITATIONS.md
42,0,"18. Deliver one coherent repository, not disconnected demos.",Partial acceptance,README.md; FINAL_QA_REPORT.md; KNOWN_LIMITATIONS.md
43,0,"19. At completion, produce:",Partial acceptance,README.md; FINAL_QA_REPORT.md; KNOWN_LIMITATIONS.md
44,0,    - fully runnable source;,Partial acceptance,README.md; FINAL_QA_REPORT.md; KNOWN_LIMITATIONS.md
45,0,    - migrations;,Partial acceptance,README.md; FINAL_QA_REPORT.md; KNOWN_LIMITATIONS.md
46,0,    - seed/demo command;,Partial acceptance,README.md; FINAL_QA_REPORT.md; KNOWN_LIMITATIONS.md
47,0,    - tests;,Partial acceptance,README.md; FINAL_QA_REPORT.md; KNOWN_LIMITATIONS.md
48,0,    - `.env.example`;,Partial acceptance,README.md; FINAL_QA_REPORT.md; KNOWN_LIMITATIONS.md
49,0,    - local Windows instructions;,Partial acceptance,README.md; FINAL_QA_REPORT.md; KNOWN_LIMITATIONS.md
50,0,    - Docker production instructions;,Partial acceptance,README.md; FINAL_QA_REPORT.md; KNOWN_LIMITATIONS.md
51,0,    - backup/restore instructions;,Partial acceptance,README.md; FINAL_QA_REPORT.md; KNOWN_LIMITATIONS.md
52,0,    - Google integration setup guide;,Partial acceptance,README.md; FINAL_QA_REPORT.md; KNOWN_LIMITATIONS.md
53,0,    - deployment checklist;,Partial acceptance,README.md; FINAL_QA_REPORT.md; KNOWN_LIMITATIONS.md
54,0,    - architecture documentation;,Partial acceptance,README.md; FINAL_QA_REPORT.md; KNOWN_LIMITATIONS.md
55,0,    - final QA report;,Partial acceptance,README.md; FINAL_QA_REPORT.md; KNOWN_LIMITATIONS.md
56,0,    - known limitations report;,Partial acceptance,README.md; FINAL_QA_REPORT.md; KNOWN_LIMITATIONS.md
57,0,    - one clean standalone ZIP of the final project if your environment allows file packaging.,Partial acceptance,README.md; FINAL_QA_REPORT.md; KNOWN_LIMITATIONS.md
59,0,Do not report a feature as complete until its acceptance tests pass.,Partial acceptance,README.md; FINAL_QA_REPORT.md; KNOWN_LIMITATIONS.md
61,0,---,Partial acceptance,README.md; FINAL_QA_REPORT.md; KNOWN_LIMITATIONS.md
63,1,# 1. PROJECT GOAL,Core lifecycle implemented,backend/apps; frontend/src/App.tsx; tests/test_domain.py
65,1,Rebuild the existing **CreativeManager** module as a fully standalone Creative Operations platform.,Core lifecycle implemented,backend/apps; frontend/src/App.tsx; tests/test_domain.py
67,1,It must manage the complete creative lifecycle:,Core lifecycle implemented,backend/apps; frontend/src/App.tsx; tests/test_domain.py
69,1,```text,Core lifecycle implemented,backend/apps; frontend/src/App.tsx; tests/test_domain.py
70,1,Request,Core lifecycle implemented,backend/apps; frontend/src/App.tsx; tests/test_domain.py
71,1,  → Deliverables,Core lifecycle implemented,backend/apps; frontend/src/App.tsx; tests/test_domain.py
72,1,  → Assignment,Core lifecycle implemented,backend/apps; frontend/src/App.tsx; tests/test_domain.py
73,1,  → Production,Core lifecycle implemented,backend/apps; frontend/src/App.tsx; tests/test_domain.py
74,1,  → Creative,Core lifecycle implemented,backend/apps; frontend/src/App.tsx; tests/test_domain.py
75,1,  → Creative Versions,Core lifecycle implemented,backend/apps; frontend/src/App.tsx; tests/test_domain.py
76,1,  → Review / Feedback,Core lifecycle implemented,backend/apps; frontend/src/App.tsx; tests/test_domain.py
77,1,  → Approval,Core lifecycle implemented,backend/apps; frontend/src/App.tsx; tests/test_domain.py
78,1,  → File / Google Drive management,Core lifecycle implemented,backend/apps; frontend/src/App.tsx; tests/test_domain.py
79,1,  → Deployment / Publishing,Core lifecycle implemented,backend/apps; frontend/src/App.tsx; tests/test_domain.py
80,1,  → Performance,Core lifecycle implemented,backend/apps; frontend/src/App.tsx; tests/test_domain.py
81,1,  → Winner / Loser / Fatigue decisions,Core lifecycle implemented,backend/apps; frontend/src/App.tsx; tests/test_domain.py
82,1,  → Experiments,Core lifecycle implemented,backend/apps; frontend/src/App.tsx; tests/test_domain.py
83,1,  → Variants / Refreshes / Lineage,Core lifecycle implemented,backend/apps; frontend/src/App.tsx; tests/test_domain.py
84,1,  → Patterns / Evidence / Knowledge,Core lifecycle implemented,backend/apps; frontend/src/App.tsx; tests/test_domain.py
85,1,  → Automation,Core lifecycle implemented,backend/apps; frontend/src/App.tsx; tests/test_domain.py
86,1,```,Core lifecycle implemented,backend/apps; frontend/src/App.tsx; tests/test_domain.py
88,1,This is not merely a file library and not merely a task manager.,Core lifecycle implemented,backend/apps; frontend/src/App.tsx; tests/test_domain.py
90,1,The central business object is the **Creative** and its complete history.,Core lifecycle implemented,backend/apps; frontend/src/App.tsx; tests/test_domain.py
92,1,---,Core lifecycle implemented,backend/apps; frontend/src/App.tsx; tests/test_domain.py
94,2,# 2. IMPORTANT FINDINGS FROM THE REFERENCE MODULE,Static audit performed,LEGACY_AUDIT.md; legacy-inventory.json
96,2,The reference module is a PHP module that depends on an external Core Platform. The new application must remove that dependency entirely.,Static audit performed,LEGACY_AUDIT.md; legacy-inventory.json
98,2,The reference module contains approximately:,Static audit performed,LEGACY_AUDIT.md; legacy-inventory.json
100,2,- 25 controllers,Static audit performed,LEGACY_AUDIT.md; legacy-inventory.json
101,2,- 53 services,Static audit performed,LEGACY_AUDIT.md; legacy-inventory.json
102,2,- 20 models,Static audit performed,LEGACY_AUDIT.md; legacy-inventory.json
103,2,- 35 migrations,Static audit performed,LEGACY_AUDIT.md; legacy-inventory.json
104,2,- 42 views,Static audit performed,LEGACY_AUDIT.md; legacy-inventory.json
105,2,- Google Drive OAuth/sync/upload logic,Static audit performed,LEGACY_AUDIT.md; legacy-inventory.json
106,2,- YouTube resumable upload,Static audit performed,LEGACY_AUDIT.md; legacy-inventory.json
107,2,- advertising connections and performance sync,Static audit performed,LEGACY_AUDIT.md; legacy-inventory.json
108,2,- Meta publishing workflow,Static audit performed,LEGACY_AUDIT.md; legacy-inventory.json
109,2,- experiments,Static audit performed,LEGACY_AUDIT.md; legacy-inventory.json
110,2,- automation,Static audit performed,LEGACY_AUDIT.md; legacy-inventory.json
111,2,- creative lineage,Static audit performed,LEGACY_AUDIT.md; legacy-inventory.json
112,2,- clips/content indexing,Static audit performed,LEGACY_AUDIT.md; legacy-inventory.json
113,2,- context/knowledge management,Static audit performed,LEGACY_AUDIT.md; legacy-inventory.json
114,2,- workspaces and brand access,Static audit performed,LEGACY_AUDIT.md; legacy-inventory.json
115,2,- AR/FR/EN translations,Static audit performed,LEGACY_AUDIT.md; legacy-inventory.json
117,2,"The reference module should be treated as a **behavioral and domain reference**, not as code to port line-for-line.",Static audit performed,LEGACY_AUDIT.md; legacy-inventory.json
119,2,## Known source defects that MUST NOT be migrated,Static audit performed,LEGACY_AUDIT.md; legacy-inventory.json
121,2,"At minimum, account for these verified problems while analyzing the legacy source:",Static audit performed,LEGACY_AUDIT.md; legacy-inventory.json
123,2,- `Services/PublishingService.php` contains a PHP syntax error around destination URL validation.,Static audit performed,LEGACY_AUDIT.md; legacy-inventory.json
124,2,- `Resources/views/library/evidence_assistant.php` contains a PHP control-flow syntax error.,Static audit performed,LEGACY_AUDIT.md; legacy-inventory.json
125,2,- `Tools/import_legacy_csv.php` refers to a non-existent creative version status `in_review`.,Static audit performed,LEGACY_AUDIT.md; legacy-inventory.json
126,2,- The same legacy importer has a SQL placeholder/value mismatch around `cm_creative_versions`.,Static audit performed,LEGACY_AUDIT.md; legacy-inventory.json
127,2,- The legacy importer appears stale relative to workspace scoping.,Static audit performed,LEGACY_AUDIT.md; legacy-inventory.json
128,2,- translation key `common.save` is used but missing.,Static audit performed,LEGACY_AUDIT.md; legacy-inventory.json
129,2,- old documentation references tests that are not present in the supplied ZIP.,Static audit performed,LEGACY_AUDIT.md; legacy-inventory.json
130,2,- old legacy JS/CSS files may remain but are not all active.,Static audit performed,LEGACY_AUDIT.md; legacy-inventory.json
132,2,Do not reproduce these defects.,Static audit performed,LEGACY_AUDIT.md; legacy-inventory.json
134,2,---,Static audit performed,LEGACY_AUDIT.md; legacy-inventory.json
136,3,# 3. REQUIRED TECHNOLOGY STACK,Implemented,backend/requirements.txt; frontend/package-lock.json
138,3,## Backend,Implemented,backend/requirements.txt; frontend/package-lock.json
140,3,Use:,Implemented,backend/requirements.txt; frontend/package-lock.json
142,3,- Python 3.13 recommended.,Implemented,backend/requirements.txt; frontend/package-lock.json
143,3,"- **Django 5.2 LTS**, using the latest released 5.2 security/patch version available at installation time.",Implemented,backend/requirements.txt; frontend/package-lock.json
144,3,- Django REST Framework.,Implemented,backend/requirements.txt; frontend/package-lock.json
145,3,- SQLite as the requested primary database for this release.,Implemented,backend/requirements.txt; frontend/package-lock.json
146,3,- Django ORM only for normal application access; no application feature should depend on raw SQLite-only SQL unless isolated behind a documented adapter.,Implemented,backend/requirements.txt; frontend/package-lock.json
147,3,- `django-filter` for safe filter APIs where appropriate.,Implemented,backend/requirements.txt; frontend/package-lock.json
148,3,- `Pillow` for image metadata/thumbnail operations where needed.,Implemented,backend/requirements.txt; frontend/package-lock.json
149,3,- Google official Python client libraries where practical.,Implemented,backend/requirements.txt; frontend/package-lock.json
150,3,- `httpx` or `requests` for provider APIs where an official supported client is not appropriate.,Implemented,backend/requirements.txt; frontend/package-lock.json
151,3,- cryptography library for encrypted-at-rest integration credentials.,Implemented,backend/requirements.txt; frontend/package-lock.json
152,3,- pytest + pytest-django for testing.,Implemented,backend/requirements.txt; frontend/package-lock.json
154,3,### Database portability requirement,Implemented,backend/requirements.txt; frontend/package-lock.json
156,3,"SQLite is mandatory now, but design the ORM and domain so that PostgreSQL can replace SQLite later without rewriting business logic.",Implemented,backend/requirements.txt; frontend/package-lock.json
158,3,Avoid SQLite-specific assumptions in domain services.,Implemented,backend/requirements.txt; frontend/package-lock.json
160,3,Use UUID primary keys for externally visible business records where practical.,Implemented,backend/requirements.txt; frontend/package-lock.json
162,3,"Use database constraints, unique constraints, indexes, and application-level validation intentionally.",Implemented,backend/requirements.txt; frontend/package-lock.json
164,3,## Frontend,Implemented,backend/requirements.txt; frontend/package-lock.json
166,3,Use:,Implemented,backend/requirements.txt; frontend/package-lock.json
168,3,- React 19.x (current stable major; use the latest compatible stable release at implementation time).,Implemented,backend/requirements.txt; frontend/package-lock.json
169,3,"- TypeScript, strict mode.",Implemented,backend/requirements.txt; frontend/package-lock.json
170,3,- Vite 8.x/current stable compatible Vite.,Implemented,backend/requirements.txt; frontend/package-lock.json
171,3,- React Router.,Implemented,backend/requirements.txt; frontend/package-lock.json
172,3,- TanStack Query for server state.,Implemented,backend/requirements.txt; frontend/package-lock.json
173,3,- React Hook Form + schema validation (Zod or equivalent).,Implemented,backend/requirements.txt; frontend/package-lock.json
174,3,- Tailwind CSS 4.x.,Implemented,backend/requirements.txt; frontend/package-lock.json
175,3,- Accessible headless primitives where needed; avoid unnecessarily heavy UI frameworks.,Implemented,backend/requirements.txt; frontend/package-lock.json
176,3,- Vitest + React Testing Library.,Implemented,backend/requirements.txt; frontend/package-lock.json
177,3,- Playwright for high-value end-to-end journeys.,Implemented,backend/requirements.txt; frontend/package-lock.json
179,3,## Architecture,Implemented,backend/requirements.txt; frontend/package-lock.json
181,3,Use a monorepo:,Implemented,backend/requirements.txt; frontend/package-lock.json
183,3,```text,Implemented,backend/requirements.txt; frontend/package-lock.json
184,3,creative-manager/,Implemented,backend/requirements.txt; frontend/package-lock.json
185,3,├─ backend/,Implemented,backend/requirements.txt; frontend/package-lock.json
186,3,├─ frontend/,Implemented,backend/requirements.txt; frontend/package-lock.json
187,3,├─ docs/,Implemented,backend/requirements.txt; frontend/package-lock.json
188,3,├─ ops/,Implemented,backend/requirements.txt; frontend/package-lock.json
189,3,├─ scripts/,Implemented,backend/requirements.txt; frontend/package-lock.json
190,3,├─ .env.example,Implemented,backend/requirements.txt; frontend/package-lock.json
191,3,├─ docker-compose.yml,Implemented,backend/requirements.txt; frontend/package-lock.json
192,3,├─ README.md,Implemented,backend/requirements.txt; frontend/package-lock.json
193,3,└─ Makefile or equivalent cross-platform task documentation,Implemented,backend/requirements.txt; frontend/package-lock.json
194,3,```,Implemented,backend/requirements.txt; frontend/package-lock.json
196,3,---,Implemented,backend/requirements.txt; frontend/package-lock.json
198,4,# 4. STANDALONE PRODUCT ARCHITECTURE,Implemented,backend/apps; ARCHITECTURE.md
200,4,Split Django into bounded apps.,Implemented,backend/apps; ARCHITECTURE.md
202,4,Recommended structure:,Implemented,backend/apps; ARCHITECTURE.md
204,4,```text,Implemented,backend/apps; ARCHITECTURE.md
205,4,backend/,Implemented,backend/apps; ARCHITECTURE.md
206,4,├─ config/,Implemented,backend/apps; ARCHITECTURE.md
207,4,├─ apps/,Implemented,backend/apps; ARCHITECTURE.md
208,4,│  ├─ accounts/,Implemented,backend/apps; ARCHITECTURE.md
209,4,│  ├─ workspaces/,Implemented,backend/apps; ARCHITECTURE.md
210,4,│  ├─ catalog/,Implemented,backend/apps; ARCHITECTURE.md
211,4,│  ├─ requests_app/,Implemented,backend/apps; ARCHITECTURE.md
212,4,│  ├─ creatives/,Implemented,backend/apps; ARCHITECTURE.md
213,4,│  ├─ storage/,Implemented,backend/apps; ARCHITECTURE.md
214,4,│  ├─ integrations/,Implemented,backend/apps; ARCHITECTURE.md
215,4,│  ├─ performance/,Implemented,backend/apps; ARCHITECTURE.md
216,4,│  ├─ experiments/,Implemented,backend/apps; ARCHITECTURE.md
217,4,│  ├─ automations/,Implemented,backend/apps; ARCHITECTURE.md
218,4,│  ├─ context_hub/,Implemented,backend/apps; ARCHITECTURE.md
219,4,│  ├─ notifications/,Implemented,backend/apps; ARCHITECTURE.md
220,4,│  ├─ audit/,Implemented,backend/apps; ARCHITECTURE.md
221,4,│  └─ common/,Implemented,backend/apps; ARCHITECTURE.md
222,4,└─ manage.py,Implemented,backend/apps; ARCHITECTURE.md
223,4,```,Implemented,backend/apps; ARCHITECTURE.md
225,4,Do not create one giant `creative_manager` Django app.,Implemented,backend/apps; ARCHITECTURE.md
227,4,"Keep business logic in services/domain modules rather than placing complex logic in views, serializers, signals, or model `save()` methods.",Implemented,backend/apps; ARCHITECTURE.md
229,4,Prefer explicit service calls over hidden signal chains.,Implemented,backend/apps; ARCHITECTURE.md
231,4,---,Implemented,backend/apps; ARCHITECTURE.md
233,5,"# 5. AUTHENTICATION, USERS, PROFILES, ROLES",Implemented core; advanced UI partial,accounts; workspaces/policies.py; tests/test_api.py
235,5,The new application is a real multi-user platform.,Implemented core; advanced UI partial,accounts; workspaces/policies.py; tests/test_api.py
237,5,## User,Implemented core; advanced UI partial,accounts; workspaces/policies.py; tests/test_api.py
239,5,Implement a custom Django user model from day one.,Implemented core; advanced UI partial,accounts; workspaces/policies.py; tests/test_api.py
241,5,Recommended fields:,Implemented core; advanced UI partial,accounts; workspaces/policies.py; tests/test_api.py
243,5,- id UUID,Implemented core; advanced UI partial,accounts; workspaces/policies.py; tests/test_api.py
244,5,"- email unique, primary login identity",Implemented core; advanced UI partial,accounts; workspaces/policies.py; tests/test_api.py
245,5,- username/display handle optional,Implemented core; advanced UI partial,accounts; workspaces/policies.py; tests/test_api.py
246,5,- first_name,Implemented core; advanced UI partial,accounts; workspaces/policies.py; tests/test_api.py
247,5,- last_name,Implemented core; advanced UI partial,accounts; workspaces/policies.py; tests/test_api.py
248,5,- display_name,Implemented core; advanced UI partial,accounts; workspaces/policies.py; tests/test_api.py
249,5,- is_active,Implemented core; advanced UI partial,accounts; workspaces/policies.py; tests/test_api.py
250,5,- is_staff,Implemented core; advanced UI partial,accounts; workspaces/policies.py; tests/test_api.py
251,5,- is_superuser,Implemented core; advanced UI partial,accounts; workspaces/policies.py; tests/test_api.py
252,5,- date_joined,Implemented core; advanced UI partial,accounts; workspaces/policies.py; tests/test_api.py
253,5,- last_login,Implemented core; advanced UI partial,accounts; workspaces/policies.py; tests/test_api.py
254,5,- last_seen_at,Implemented core; advanced UI partial,accounts; workspaces/policies.py; tests/test_api.py
256,5,## UserProfile,Implemented core; advanced UI partial,accounts; workspaces/policies.py; tests/test_api.py
258,5,Fields should include:,Implemented core; advanced UI partial,accounts; workspaces/policies.py; tests/test_api.py
260,5,- avatar,Implemented core; advanced UI partial,accounts; workspaces/policies.py; tests/test_api.py
261,5,- job_title,Implemented core; advanced UI partial,accounts; workspaces/policies.py; tests/test_api.py
262,5,- phone optional,Implemented core; advanced UI partial,accounts; workspaces/policies.py; tests/test_api.py
263,5,"- preferred_language: `ar`, `en`, `fr`",Implemented core; advanced UI partial,accounts; workspaces/policies.py; tests/test_api.py
264,5,- timezone,Implemented core; advanced UI partial,accounts; workspaces/policies.py; tests/test_api.py
265,5,- locale,Implemented core; advanced UI partial,accounts; workspaces/policies.py; tests/test_api.py
266,5,- notification preferences,Implemented core; advanced UI partial,accounts; workspaces/policies.py; tests/test_api.py
267,5,- theme preference optional,Implemented core; advanced UI partial,accounts; workspaces/policies.py; tests/test_api.py
268,5,- compact/mobile UI preference if useful,Implemented core; advanced UI partial,accounts; workspaces/policies.py; tests/test_api.py
270,5,## Authentication model,Implemented core; advanced UI partial,accounts; workspaces/policies.py; tests/test_api.py
272,5,"For the React SPA served from the same deployment/domain, prefer secure Django session authentication:",Implemented core; advanced UI partial,accounts; workspaces/policies.py; tests/test_api.py
274,5,- HttpOnly session cookie,Implemented core; advanced UI partial,accounts; workspaces/policies.py; tests/test_api.py
275,5,- CSRF protection,Implemented core; advanced UI partial,accounts; workspaces/policies.py; tests/test_api.py
276,5,- secure cookies in production,Implemented core; advanced UI partial,accounts; workspaces/policies.py; tests/test_api.py
277,5,- SameSite configured correctly,Implemented core; advanced UI partial,accounts; workspaces/policies.py; tests/test_api.py
278,5,- no access token in localStorage,Implemented core; advanced UI partial,accounts; workspaces/policies.py; tests/test_api.py
280,5,Provide:,Implemented core; advanced UI partial,accounts; workspaces/policies.py; tests/test_api.py
282,5,- login,Implemented core; advanced UI partial,accounts; workspaces/policies.py; tests/test_api.py
283,5,- logout,Implemented core; advanced UI partial,accounts; workspaces/policies.py; tests/test_api.py
284,5,- current-user session endpoint,Implemented core; advanced UI partial,accounts; workspaces/policies.py; tests/test_api.py
285,5,- password change,Implemented core; advanced UI partial,accounts; workspaces/policies.py; tests/test_api.py
286,5,- password reset flow,Implemented core; advanced UI partial,accounts; workspaces/policies.py; tests/test_api.py
287,5,- admin-created/invited user flow,Implemented core; advanced UI partial,accounts; workspaces/policies.py; tests/test_api.py
288,5,- profile editing,Implemented core; advanced UI partial,accounts; workspaces/policies.py; tests/test_api.py
289,5,- active/deactivated user state,Implemented core; advanced UI partial,accounts; workspaces/policies.py; tests/test_api.py
291,5,Do not hard-delete a user who owns business history. Default to deactivation and preserve attribution.,Implemented core; advanced UI partial,accounts; workspaces/policies.py; tests/test_api.py
293,5,## Roles,Implemented core; advanced UI partial,accounts; workspaces/policies.py; tests/test_api.py
295,5,Support these roles:,Implemented core; advanced UI partial,accounts; workspaces/policies.py; tests/test_api.py
297,5,1. Platform Admin,Implemented core; advanced UI partial,accounts; workspaces/policies.py; tests/test_api.py
298,5,2. Manager,Implemented core; advanced UI partial,accounts; workspaces/policies.py; tests/test_api.py
299,5,3. Media Buyer,Implemented core; advanced UI partial,accounts; workspaces/policies.py; tests/test_api.py
300,5,4. Editor,Implemented core; advanced UI partial,accounts; workspaces/policies.py; tests/test_api.py
301,5,5. Reviewer,Implemented core; advanced UI partial,accounts; workspaces/policies.py; tests/test_api.py
302,5,6. Requester,Implemented core; advanced UI partial,accounts; workspaces/policies.py; tests/test_api.py
303,5,7. Viewer,Implemented core; advanced UI partial,accounts; workspaces/policies.py; tests/test_api.py
305,5,A user can have a different role in different workspaces.,Implemented core; advanced UI partial,accounts; workspaces/policies.py; tests/test_api.py
307,5,"Roles must be membership-based, not a single global `role` column.",Implemented core; advanced UI partial,accounts; workspaces/policies.py; tests/test_api.py
309,5,## Granular permissions,Implemented core; advanced UI partial,accounts; workspaces/policies.py; tests/test_api.py
311,5,Preserve/evolve the source permissions:,Implemented core; advanced UI partial,accounts; workspaces/policies.py; tests/test_api.py
313,5,- create_requests,Implemented core; advanced UI partial,accounts; workspaces/policies.py; tests/test_api.py
314,5,- assign_editors,Implemented core; advanced UI partial,accounts; workspaces/policies.py; tests/test_api.py
315,5,- submit_version,Implemented core; advanced UI partial,accounts; workspaces/policies.py; tests/test_api.py
316,5,- review_version,Implemented core; advanced UI partial,accounts; workspaces/policies.py; tests/test_api.py
317,5,- approve_version,Implemented core; advanced UI partial,accounts; workspaces/policies.py; tests/test_api.py
318,5,- create_products,Implemented core; advanced UI partial,accounts; workspaces/policies.py; tests/test_api.py
319,5,- create_campaigns,Implemented core; advanced UI partial,accounts; workspaces/policies.py; tests/test_api.py
320,5,- manage_projects,Implemented core; advanced UI partial,accounts; workspaces/policies.py; tests/test_api.py
321,5,- view_analytics,Implemented core; advanced UI partial,accounts; workspaces/policies.py; tests/test_api.py
322,5,- view_creatives,Implemented core; advanced UI partial,accounts; workspaces/policies.py; tests/test_api.py
323,5,- edit_creatives,Implemented core; advanced UI partial,accounts; workspaces/policies.py; tests/test_api.py
324,5,- comment_creatives,Implemented core; advanced UI partial,accounts; workspaces/policies.py; tests/test_api.py
325,5,- mark_winner,Implemented core; advanced UI partial,accounts; workspaces/policies.py; tests/test_api.py
326,5,- manage_performance,Implemented core; advanced UI partial,accounts; workspaces/policies.py; tests/test_api.py
327,5,- manage_deployments,Implemented core; advanced UI partial,accounts; workspaces/policies.py; tests/test_api.py
328,5,- manage_experiments,Implemented core; advanced UI partial,accounts; workspaces/policies.py; tests/test_api.py
329,5,- manage_automations,Implemented core; advanced UI partial,accounts; workspaces/policies.py; tests/test_api.py
330,5,- publish_ads,Implemented core; advanced UI partial,accounts; workspaces/policies.py; tests/test_api.py
331,5,- manage_lineage,Implemented core; advanced UI partial,accounts; workspaces/policies.py; tests/test_api.py
332,5,- manage_boards,Implemented core; advanced UI partial,accounts; workspaces/policies.py; tests/test_api.py
333,5,- manage_taxonomy,Implemented core; advanced UI partial,accounts; workspaces/policies.py; tests/test_api.py
334,5,- manage_naming,Implemented core; advanced UI partial,accounts; workspaces/policies.py; tests/test_api.py
335,5,- manage_workspaces,Implemented core; advanced UI partial,accounts; workspaces/policies.py; tests/test_api.py
336,5,- manage_clips,Implemented core; advanced UI partial,accounts; workspaces/policies.py; tests/test_api.py
337,5,- manage_storage_connections,Implemented core; advanced UI partial,accounts; workspaces/policies.py; tests/test_api.py
338,5,- view_storage_connections,Implemented core; advanced UI partial,accounts; workspaces/policies.py; tests/test_api.py
339,5,- manage_content_index,Implemented core; advanced UI partial,accounts; workspaces/policies.py; tests/test_api.py
340,5,- manage_source_materials,Implemented core; advanced UI partial,accounts; workspaces/policies.py; tests/test_api.py
341,5,- manage_context,Implemented core; advanced UI partial,accounts; workspaces/policies.py; tests/test_api.py
342,5,- manage_users,Implemented core; advanced UI partial,accounts; workspaces/policies.py; tests/test_api.py
343,5,- view_audit_log,Implemented core; advanced UI partial,accounts; workspaces/policies.py; tests/test_api.py
345,5,Use a permission service/policy layer on the backend.,Implemented core; advanced UI partial,accounts; workspaces/policies.py; tests/test_api.py
347,5,Frontend permission hiding is convenience only and MUST NOT be security enforcement.,Implemented core; advanced UI partial,accounts; workspaces/policies.py; tests/test_api.py
349,5,---,Implemented core; advanced UI partial,accounts; workspaces/policies.py; tests/test_api.py
351,6,# 6. WORKSPACES AND BRAND SCOPE,Implemented and isolation tested,workspaces; common/serializers.py; tests/test_api.py
353,6,Implement:,Implemented and isolation tested,workspaces; common/serializers.py; tests/test_api.py
355,6,## Workspace,Implemented and isolation tested,workspaces; common/serializers.py; tests/test_api.py
357,6,- id,Implemented and isolation tested,workspaces; common/serializers.py; tests/test_api.py
358,6,- name,Implemented and isolation tested,workspaces; common/serializers.py; tests/test_api.py
359,6,- slug,Implemented and isolation tested,workspaces; common/serializers.py; tests/test_api.py
360,6,- description,Implemented and isolation tested,workspaces; common/serializers.py; tests/test_api.py
361,6,- active,Implemented and isolation tested,workspaces; common/serializers.py; tests/test_api.py
362,6,- created_by,Implemented and isolation tested,workspaces; common/serializers.py; tests/test_api.py
363,6,- timestamps,Implemented and isolation tested,workspaces; common/serializers.py; tests/test_api.py
365,6,## WorkspaceMembership,Implemented and isolation tested,workspaces; common/serializers.py; tests/test_api.py
367,6,- workspace,Implemented and isolation tested,workspaces; common/serializers.py; tests/test_api.py
368,6,- user,Implemented and isolation tested,workspaces; common/serializers.py; tests/test_api.py
369,6,- role,Implemented and isolation tested,workspaces; common/serializers.py; tests/test_api.py
370,6,- active,Implemented and isolation tested,workspaces; common/serializers.py; tests/test_api.py
371,6,- joined_at,Implemented and isolation tested,workspaces; common/serializers.py; tests/test_api.py
373,6,"Unique `(workspace, user)`.",Implemented and isolation tested,workspaces; common/serializers.py; tests/test_api.py
375,6,## Brand,Implemented and isolation tested,workspaces; common/serializers.py; tests/test_api.py
377,6,- workspace,Implemented and isolation tested,workspaces; common/serializers.py; tests/test_api.py
378,6,- name,Implemented and isolation tested,workspaces; common/serializers.py; tests/test_api.py
379,6,- slug,Implemented and isolation tested,workspaces; common/serializers.py; tests/test_api.py
380,6,- logo,Implemented and isolation tested,workspaces; common/serializers.py; tests/test_api.py
381,6,- active,Implemented and isolation tested,workspaces; common/serializers.py; tests/test_api.py
382,6,- metadata,Implemented and isolation tested,workspaces; common/serializers.py; tests/test_api.py
384,6,## Brand access restrictions,Implemented and isolation tested,workspaces; common/serializers.py; tests/test_api.py
386,6,A workspace member can optionally be restricted to selected brands.,Implemented and isolation tested,workspaces; common/serializers.py; tests/test_api.py
388,6,Manager/platform admin can configure brand restrictions.,Implemented and isolation tested,workspaces; common/serializers.py; tests/test_api.py
390,6,All business queries must pass through a clear workspace/brand scope mechanism.,Implemented and isolation tested,workspaces; common/serializers.py; tests/test_api.py
392,6,Never trust `workspace_id` supplied by the frontend without verifying membership.,Implemented and isolation tested,workspaces; common/serializers.py; tests/test_api.py
394,6,Add tests proving users cannot access records from another workspace or unauthorized brand.,Implemented and isolation tested,workspaces; common/serializers.py; tests/test_api.py
396,6,---,Implemented and isolation tested,workspaces; common/serializers.py; tests/test_api.py
398,7,# 7. CATALOG,Catalog persistence/UI implemented,catalog; resources.py
400,7,Implement catalog entities:,Catalog persistence/UI implemented,catalog; resources.py
402,7,- Brand,Catalog persistence/UI implemented,catalog; resources.py
403,7,- Product,Catalog persistence/UI implemented,catalog; resources.py
404,7,- Campaign,Catalog persistence/UI implemented,catalog; resources.py
405,7,- Platform,Catalog persistence/UI implemented,catalog; resources.py
406,7,- Project if useful after auditing legacy behavior,Catalog persistence/UI implemented,catalog; resources.py
407,7,- Tag,Catalog persistence/UI implemented,catalog; resources.py
408,7,- Taxonomy,Catalog persistence/UI implemented,catalog; resources.py
409,7,- AttributeValue,Catalog persistence/UI implemented,catalog; resources.py
410,7,- NamingTemplate,Catalog persistence/UI implemented,catalog; resources.py
412,7,Platforms initially include:,Catalog persistence/UI implemented,catalog; resources.py
414,7,- Meta,Catalog persistence/UI implemented,catalog; resources.py
415,7,- TikTok,Catalog persistence/UI implemented,catalog; resources.py
416,7,- YouTube,Catalog persistence/UI implemented,catalog; resources.py
417,7,- Google Ads,Catalog persistence/UI implemented,catalog; resources.py
418,7,- Snapchat,Catalog persistence/UI implemented,catalog; resources.py
419,7,- Pinterest,Catalog persistence/UI implemented,catalog; resources.py
420,7,- LinkedIn,Catalog persistence/UI implemented,catalog; resources.py
421,7,- Other,Catalog persistence/UI implemented,catalog; resources.py
423,7,Products and campaigns belong to a workspace/brand.,Catalog persistence/UI implemented,catalog; resources.py
425,7,Use archive/deactivate semantics where deleting would break history.,Catalog persistence/UI implemented,catalog; resources.py
427,7,---,Catalog persistence/UI implemented,catalog; resources.py
429,8,# 8. REQUEST WORKFLOW,Core workflow tested,requests_app/services.py; e2e/journeys.spec.ts
431,8,## CreativeRequest,Core workflow tested,requests_app/services.py; e2e/journeys.spec.ts
433,8,Core fields:,Core workflow tested,requests_app/services.py; e2e/journeys.spec.ts
435,8,- UUID,Core workflow tested,requests_app/services.py; e2e/journeys.spec.ts
436,8,"- human-readable code, e.g. `REQ-2026-000123`",Core workflow tested,requests_app/services.py; e2e/journeys.spec.ts
437,8,- workspace,Core workflow tested,requests_app/services.py; e2e/journeys.spec.ts
438,8,- brand,Core workflow tested,requests_app/services.py; e2e/journeys.spec.ts
439,8,- product optional,Core workflow tested,requests_app/services.py; e2e/journeys.spec.ts
440,8,- campaign optional,Core workflow tested,requests_app/services.py; e2e/journeys.spec.ts
441,8,- requester,Core workflow tested,requests_app/services.py; e2e/journeys.spec.ts
442,8,- primary owner optional,Core workflow tested,requests_app/services.py; e2e/journeys.spec.ts
443,8,- title,Core workflow tested,requests_app/services.py; e2e/journeys.spec.ts
444,8,- objective,Core workflow tested,requests_app/services.py; e2e/journeys.spec.ts
445,8,- details,Core workflow tested,requests_app/services.py; e2e/journeys.spec.ts
446,8,- priority,Core workflow tested,requests_app/services.py; e2e/journeys.spec.ts
447,8,- due_date,Core workflow tested,requests_app/services.py; e2e/journeys.spec.ts
448,8,- status,Core workflow tested,requests_app/services.py; e2e/journeys.spec.ts
449,8,- requested platforms,Core workflow tested,requests_app/services.py; e2e/journeys.spec.ts
450,8,- timestamps,Core workflow tested,requests_app/services.py; e2e/journeys.spec.ts
451,8,- completed_at,Core workflow tested,requests_app/services.py; e2e/journeys.spec.ts
452,8,- published_at where relevant,Core workflow tested,requests_app/services.py; e2e/journeys.spec.ts
454,8,Preserve request statuses:,Core workflow tested,requests_app/services.py; e2e/journeys.spec.ts
456,8,```text,Core workflow tested,requests_app/services.py; e2e/journeys.spec.ts
457,8,new,Core workflow tested,requests_app/services.py; e2e/journeys.spec.ts
458,8,assigned,Core workflow tested,requests_app/services.py; e2e/journeys.spec.ts
459,8,in_production,Core workflow tested,requests_app/services.py; e2e/journeys.spec.ts
460,8,ready_for_review,Core workflow tested,requests_app/services.py; e2e/journeys.spec.ts
461,8,changes_requested,Core workflow tested,requests_app/services.py; e2e/journeys.spec.ts
462,8,approved,Core workflow tested,requests_app/services.py; e2e/journeys.spec.ts
463,8,published,Core workflow tested,requests_app/services.py; e2e/journeys.spec.ts
464,8,refresh_requested,Core workflow tested,requests_app/services.py; e2e/journeys.spec.ts
465,8,```,Core workflow tested,requests_app/services.py; e2e/journeys.spec.ts
467,8,## RequestDeliverable,Core workflow tested,requests_app/services.py; e2e/journeys.spec.ts
469,8,A request may contain multiple deliverables.,Core workflow tested,requests_app/services.py; e2e/journeys.spec.ts
471,8,Fields may include:,Core workflow tested,requests_app/services.py; e2e/journeys.spec.ts
473,8,- request,Core workflow tested,requests_app/services.py; e2e/journeys.spec.ts
474,8,- sequence,Core workflow tested,requests_app/services.py; e2e/journeys.spec.ts
475,8,- title,Core workflow tested,requests_app/services.py; e2e/journeys.spec.ts
476,8,- creative_type,Core workflow tested,requests_app/services.py; e2e/journeys.spec.ts
477,8,- platform,Core workflow tested,requests_app/services.py; e2e/journeys.spec.ts
478,8,- format/aspect ratio,Core workflow tested,requests_app/services.py; e2e/journeys.spec.ts
479,8,- quantity,Core workflow tested,requests_app/services.py; e2e/journeys.spec.ts
480,8,- duration target,Core workflow tested,requests_app/services.py; e2e/journeys.spec.ts
481,8,- requirements,Core workflow tested,requests_app/services.py; e2e/journeys.spec.ts
482,8,- assigned_editor,Core workflow tested,requests_app/services.py; e2e/journeys.spec.ts
483,8,- due date,Core workflow tested,requests_app/services.py; e2e/journeys.spec.ts
484,8,- status,Core workflow tested,requests_app/services.py; e2e/journeys.spec.ts
485,8,- linked creative(s),Core workflow tested,requests_app/services.py; e2e/journeys.spec.ts
487,8,Unique sequence per request.,Core workflow tested,requests_app/services.py; e2e/journeys.spec.ts
489,8,## Source materials,Core workflow tested,requests_app/services.py; e2e/journeys.spec.ts
491,8,Implement:,Core workflow tested,requests_app/services.py; e2e/journeys.spec.ts
493,8,- RequestSourceMaterial,Core workflow tested,requests_app/services.py; e2e/journeys.spec.ts
494,8,- SourceMaterialUsage,Core workflow tested,requests_app/services.py; e2e/journeys.spec.ts
496,8,Allow:,Core workflow tested,requests_app/services.py; e2e/journeys.spec.ts
497,8,- link,Core workflow tested,requests_app/services.py; e2e/journeys.spec.ts
498,8,- uploaded file,Core workflow tested,requests_app/services.py; e2e/journeys.spec.ts
499,8,- Drive file,Core workflow tested,requests_app/services.py; e2e/journeys.spec.ts
500,8,- text note/reference,Core workflow tested,requests_app/services.py; e2e/journeys.spec.ts
502,8,Track which creative/version used each source item.,Core workflow tested,requests_app/services.py; e2e/journeys.spec.ts
504,8,## Workflow rules,Core workflow tested,requests_app/services.py; e2e/journeys.spec.ts
506,8,Transitions must be explicit and validated.,Core workflow tested,requests_app/services.py; e2e/journeys.spec.ts
508,8,Do not allow arbitrary status mutation.,Core workflow tested,requests_app/services.py; e2e/journeys.spec.ts
510,8,Create a workflow service/state machine with:,Core workflow tested,requests_app/services.py; e2e/journeys.spec.ts
511,8,- allowed transitions;,Core workflow tested,requests_app/services.py; e2e/journeys.spec.ts
512,8,- actor/permission validation;,Core workflow tested,requests_app/services.py; e2e/journeys.spec.ts
513,8,- transition timestamps;,Core workflow tested,requests_app/services.py; e2e/journeys.spec.ts
514,8,- audit entry;,Core workflow tested,requests_app/services.py; e2e/journeys.spec.ts
515,8,- notification generation.,Core workflow tested,requests_app/services.py; e2e/journeys.spec.ts
517,8,---,Core workflow tested,requests_app/services.py; e2e/journeys.spec.ts
519,9,# 9. PRODUCTION BOARD AND MY TASKS,Core board/tasks; advanced filters partial,frontend/src/App.tsx
521,9,## Board,Core board/tasks; advanced filters partial,frontend/src/App.tsx
523,9,Provide a clean Kanban view over real workflow data.,Core board/tasks; advanced filters partial,frontend/src/App.tsx
525,9,Do not duplicate the source of truth just to render a board.,Core board/tasks; advanced filters partial,frontend/src/App.tsx
527,9,"If custom boards are retained, model them cleanly, but request/deliverable status remains authoritative.",Core board/tasks; advanced filters partial,frontend/src/App.tsx
529,9,Views:,Core board/tasks; advanced filters partial,frontend/src/App.tsx
531,9,- Production Board,Core board/tasks; advanced filters partial,frontend/src/App.tsx
532,9,- My Tasks,Core board/tasks; advanced filters partial,frontend/src/App.tsx
533,9,- Waiting for Review,Core board/tasks; advanced filters partial,frontend/src/App.tsx
534,9,- Due Soon,Core board/tasks; advanced filters partial,frontend/src/App.tsx
535,9,- Overdue,Core board/tasks; advanced filters partial,frontend/src/App.tsx
536,9,- Recently Approved,Core board/tasks; advanced filters partial,frontend/src/App.tsx
538,9,Role behavior:,Core board/tasks; advanced filters partial,frontend/src/App.tsx
540,9,- Editor: assigned production work,Core board/tasks; advanced filters partial,frontend/src/App.tsx
541,9,- Reviewer: review queue,Core board/tasks; advanced filters partial,frontend/src/App.tsx
542,9,- Manager: complete overview,Core board/tasks; advanced filters partial,frontend/src/App.tsx
543,9,- Media Buyer: request/deployment overview,Core board/tasks; advanced filters partial,frontend/src/App.tsx
544,9,- Requester: own request tracking,Core board/tasks; advanced filters partial,frontend/src/App.tsx
546,9,Support filters:,Core board/tasks; advanced filters partial,frontend/src/App.tsx
547,9,- brand,Core board/tasks; advanced filters partial,frontend/src/App.tsx
548,9,- product,Core board/tasks; advanced filters partial,frontend/src/App.tsx
549,9,- campaign,Core board/tasks; advanced filters partial,frontend/src/App.tsx
550,9,- editor,Core board/tasks; advanced filters partial,frontend/src/App.tsx
551,9,- reviewer,Core board/tasks; advanced filters partial,frontend/src/App.tsx
552,9,- status,Core board/tasks; advanced filters partial,frontend/src/App.tsx
553,9,- priority,Core board/tasks; advanced filters partial,frontend/src/App.tsx
554,9,- due date,Core board/tasks; advanced filters partial,frontend/src/App.tsx
555,9,- platform,Core board/tasks; advanced filters partial,frontend/src/App.tsx
557,9,---,Core board/tasks; advanced filters partial,frontend/src/App.tsx
559,10,# 10. CREATIVE DOMAIN — THE CENTER OF THE PLATFORM,Core version lifecycle tested,creatives/services.py; tests/test_domain.py
561,10,## Creative,Core version lifecycle tested,creatives/services.py; tests/test_domain.py
563,10,Fields should include:,Core version lifecycle tested,creatives/services.py; tests/test_domain.py
565,10,- UUID,Core version lifecycle tested,creatives/services.py; tests/test_domain.py
566,10,- human code e.g. `CR-2026-000321`,Core version lifecycle tested,creatives/services.py; tests/test_domain.py
567,10,- workspace,Core version lifecycle tested,creatives/services.py; tests/test_domain.py
568,10,- brand,Core version lifecycle tested,creatives/services.py; tests/test_domain.py
569,10,- request,Core version lifecycle tested,creatives/services.py; tests/test_domain.py
570,10,- deliverable optional,Core version lifecycle tested,creatives/services.py; tests/test_domain.py
571,10,- product/campaign references,Core version lifecycle tested,creatives/services.py; tests/test_domain.py
572,10,- name/title,Core version lifecycle tested,creatives/services.py; tests/test_domain.py
573,10,- description,Core version lifecycle tested,creatives/services.py; tests/test_domain.py
574,10,- creative type,Core version lifecycle tested,creatives/services.py; tests/test_domain.py
575,10,- owner/editor,Core version lifecycle tested,creatives/services.py; tests/test_domain.py
576,10,- current status,Core version lifecycle tested,creatives/services.py; tests/test_domain.py
577,10,- current_version,Core version lifecycle tested,creatives/services.py; tests/test_domain.py
578,10,- approved_version,Core version lifecycle tested,creatives/services.py; tests/test_domain.py
579,10,- outcome summary,Core version lifecycle tested,creatives/services.py; tests/test_domain.py
580,10,- archived_at,Core version lifecycle tested,creatives/services.py; tests/test_domain.py
581,10,- timestamps,Core version lifecycle tested,creatives/services.py; tests/test_domain.py
583,10,The Creative is not the same thing as an ad deployment.,Core version lifecycle tested,creatives/services.py; tests/test_domain.py
585,10,A single Creative may be deployed multiple times across campaigns/platforms.,Core version lifecycle tested,creatives/services.py; tests/test_domain.py
587,10,## CreativeVersion,Core version lifecycle tested,creatives/services.py; tests/test_domain.py
589,10,Append-only version history.,Core version lifecycle tested,creatives/services.py; tests/test_domain.py
591,10,Fields:,Core version lifecycle tested,creatives/services.py; tests/test_domain.py
593,10,- creative,Core version lifecycle tested,creatives/services.py; tests/test_domain.py
594,10,- version_number,Core version lifecycle tested,creatives/services.py; tests/test_domain.py
595,10,- label,Core version lifecycle tested,creatives/services.py; tests/test_domain.py
596,10,- version_type,Core version lifecycle tested,creatives/services.py; tests/test_domain.py
597,10,- editor,Core version lifecycle tested,creatives/services.py; tests/test_domain.py
598,10,- notes,Core version lifecycle tested,creatives/services.py; tests/test_domain.py
599,10,- status,Core version lifecycle tested,creatives/services.py; tests/test_domain.py
600,10,- submitted_at,Core version lifecycle tested,creatives/services.py; tests/test_domain.py
601,10,- approved_at,Core version lifecycle tested,creatives/services.py; tests/test_domain.py
602,10,- published_at,Core version lifecycle tested,creatives/services.py; tests/test_domain.py
603,10,- timestamps,Core version lifecycle tested,creatives/services.py; tests/test_domain.py
605,10,Statuses:,Core version lifecycle tested,creatives/services.py; tests/test_domain.py
607,10,```text,Core version lifecycle tested,creatives/services.py; tests/test_domain.py
608,10,draft,Core version lifecycle tested,creatives/services.py; tests/test_domain.py
609,10,submitted,Core version lifecycle tested,creatives/services.py; tests/test_domain.py
610,10,changes_requested,Core version lifecycle tested,creatives/services.py; tests/test_domain.py
611,10,approved,Core version lifecycle tested,creatives/services.py; tests/test_domain.py
612,10,published,Core version lifecycle tested,creatives/services.py; tests/test_domain.py
613,10,```,Core version lifecycle tested,creatives/services.py; tests/test_domain.py
615,10,Constraints:,Core version lifecycle tested,creatives/services.py; tests/test_domain.py
617,10,"- unique `(creative, version_number)`",Core version lifecycle tested,creatives/services.py; tests/test_domain.py
618,10,- version numbers never silently reused,Core version lifecycle tested,creatives/services.py; tests/test_domain.py
619,10,- previous approved/version history is preserved,Core version lifecycle tested,creatives/services.py; tests/test_domain.py
620,10,- approving a new version never destroys old evidence,Core version lifecycle tested,creatives/services.py; tests/test_domain.py
621,10,- no publication from draft/submitted/changes_requested,Core version lifecycle tested,creatives/services.py; tests/test_domain.py
623,10,## Comments and feedback,Core version lifecycle tested,creatives/services.py; tests/test_domain.py
625,10,Implement:,Core version lifecycle tested,creatives/services.py; tests/test_domain.py
627,10,- CreativeComment,Core version lifecycle tested,creatives/services.py; tests/test_domain.py
628,10,- CreativeFeedback,Core version lifecycle tested,creatives/services.py; tests/test_domain.py
630,10,Feedback must support:,Core version lifecycle tested,creatives/services.py; tests/test_domain.py
631,10,- author,Core version lifecycle tested,creatives/services.py; tests/test_domain.py
632,10,- target version,Core version lifecycle tested,creatives/services.py; tests/test_domain.py
633,10,- text,Core version lifecycle tested,creatives/services.py; tests/test_domain.py
634,10,- category if useful,Core version lifecycle tested,creatives/services.py; tests/test_domain.py
635,10,- resolved state,Core version lifecycle tested,creatives/services.py; tests/test_domain.py
636,10,- created/resolved timestamps,Core version lifecycle tested,creatives/services.py; tests/test_domain.py
638,10,One clear conversation experience should be presented in the UI even if structured feedback is stored separately.,Core version lifecycle tested,creatives/services.py; tests/test_domain.py
640,10,---,Core version lifecycle tested,creatives/services.py; tests/test_domain.py
642,11,# 11. REVIEW / APPROVAL UX,Browser-tested review journey,e2e/journeys.spec.ts
644,11,Provide explicit primary actions according to role and state.,Browser-tested review journey,e2e/journeys.spec.ts
646,11,Examples:,Browser-tested review journey,e2e/journeys.spec.ts
648,11,Editor:,Browser-tested review journey,e2e/journeys.spec.ts
649,11,- Save Draft,Browser-tested review journey,e2e/journeys.spec.ts
650,11,- Submit for Review,Browser-tested review journey,e2e/journeys.spec.ts
652,11,Reviewer:,Browser-tested review journey,e2e/journeys.spec.ts
653,11,- Approve,Browser-tested review journey,e2e/journeys.spec.ts
654,11,- Request Changes,Browser-tested review journey,e2e/journeys.spec.ts
656,11,Manager:,Browser-tested review journey,e2e/journeys.spec.ts
657,11,- Reassign,Browser-tested review journey,e2e/journeys.spec.ts
658,11,- Approve if permitted,Browser-tested review journey,e2e/journeys.spec.ts
659,11,- Mark outcome,Browser-tested review journey,e2e/journeys.spec.ts
661,11,Do not overload pages with many equally prominent actions.,Browser-tested review journey,e2e/journeys.spec.ts
663,11,Use progressive disclosure for advanced sections.,Browser-tested review journey,e2e/journeys.spec.ts
665,11,Every transition must generate:,Browser-tested review journey,e2e/journeys.spec.ts
666,11,- AuditEvent,Browser-tested review journey,e2e/journeys.spec.ts
667,11,- Activity event,Browser-tested review journey,e2e/journeys.spec.ts
668,11,- appropriate Notification,Browser-tested review journey,e2e/journeys.spec.ts
670,11,---,Browser-tested review journey,e2e/journeys.spec.ts
672,12,# 12. CREATIVE FILES AND MEDIA IDENTITY,Local identity/master resolution tested; media processing partial,storage/services.py; tests/test_domain.py
674,12,## CreativeFile,Local identity/master resolution tested; media processing partial,storage/services.py; tests/test_domain.py
676,12,"Store metadata, not merely a URL.",Local identity/master resolution tested; media processing partial,storage/services.py; tests/test_domain.py
678,12,Fields:,Local identity/master resolution tested; media processing partial,storage/services.py; tests/test_domain.py
680,12,- creative,Local identity/master resolution tested; media processing partial,storage/services.py; tests/test_domain.py
681,12,- version optional,Local identity/master resolution tested; media processing partial,storage/services.py; tests/test_domain.py
682,12,- file role:,Local identity/master resolution tested; media processing partial,storage/services.py; tests/test_domain.py
683,12,  - master,Local identity/master resolution tested; media processing partial,storage/services.py; tests/test_domain.py
684,12,  - source,Local identity/master resolution tested; media processing partial,storage/services.py; tests/test_domain.py
685,12,  - thumbnail,Local identity/master resolution tested; media processing partial,storage/services.py; tests/test_domain.py
686,12,  - subtitle,Local identity/master resolution tested; media processing partial,storage/services.py; tests/test_domain.py
687,12,  - export,Local identity/master resolution tested; media processing partial,storage/services.py; tests/test_domain.py
688,12,  - reference,Local identity/master resolution tested; media processing partial,storage/services.py; tests/test_domain.py
689,12,  - attachment,Local identity/master resolution tested; media processing partial,storage/services.py; tests/test_domain.py
690,12,- provider,Local identity/master resolution tested; media processing partial,storage/services.py; tests/test_domain.py
691,12,- storage object,Local identity/master resolution tested; media processing partial,storage/services.py; tests/test_domain.py
692,12,- filename,Local identity/master resolution tested; media processing partial,storage/services.py; tests/test_domain.py
693,12,- MIME type,Local identity/master resolution tested; media processing partial,storage/services.py; tests/test_domain.py
694,12,- size,Local identity/master resolution tested; media processing partial,storage/services.py; tests/test_domain.py
695,12,- checksum where available,Local identity/master resolution tested; media processing partial,storage/services.py; tests/test_domain.py
696,12,- width/height/duration where available,Local identity/master resolution tested; media processing partial,storage/services.py; tests/test_domain.py
697,12,- active,Local identity/master resolution tested; media processing partial,storage/services.py; tests/test_domain.py
698,12,- timestamps,Local identity/master resolution tested; media processing partial,storage/services.py; tests/test_domain.py
700,12,Avoid duplicates by provider identity and checksum where reasonable.,Local identity/master resolution tested; media processing partial,storage/services.py; tests/test_domain.py
702,12,A Publishing job must resolve an approved **master asset** deterministically.,Local identity/master resolution tested; media processing partial,storage/services.py; tests/test_domain.py
704,12,"If it cannot, fail with a helpful error.",Local identity/master resolution tested; media processing partial,storage/services.py; tests/test_domain.py
706,12,---,Local identity/master resolution tested; media processing partial,storage/services.py; tests/test_domain.py
708,13,# 13. GOOGLE DRIVE — FIRST-CLASS STORAGE,Partial; live acceptance and full hierarchy outstanding,storage/google.py; GOOGLE_SETUP.md; tests/test_providers.py
710,13,"Google Drive is a major part of the platform, not a simple link field.",Partial; live acceptance and full hierarchy outstanding,storage/google.py; GOOGLE_SETUP.md; tests/test_providers.py
712,13,## Storage strategy,Partial; live acceptance and full hierarchy outstanding,storage/google.py; GOOGLE_SETUP.md; tests/test_providers.py
714,13,The database is the source of truth for:,Partial; live acceptance and full hierarchy outstanding,storage/google.py; GOOGLE_SETUP.md; tests/test_providers.py
715,13,- relationships,Partial; live acceptance and full hierarchy outstanding,storage/google.py; GOOGLE_SETUP.md; tests/test_providers.py
716,13,- business states,Partial; live acceptance and full hierarchy outstanding,storage/google.py; GOOGLE_SETUP.md; tests/test_providers.py
717,13,- IDs,Partial; live acceptance and full hierarchy outstanding,storage/google.py; GOOGLE_SETUP.md; tests/test_providers.py
718,13,- permissions,Partial; live acceptance and full hierarchy outstanding,storage/google.py; GOOGLE_SETUP.md; tests/test_providers.py
719,13,- audit history,Partial; live acceptance and full hierarchy outstanding,storage/google.py; GOOGLE_SETUP.md; tests/test_providers.py
720,13,- external metadata,Partial; live acceptance and full hierarchy outstanding,storage/google.py; GOOGLE_SETUP.md; tests/test_providers.py
722,13,Google Drive is the primary managed binary asset store.,Partial; live acceptance and full hierarchy outstanding,storage/google.py; GOOGLE_SETUP.md; tests/test_providers.py
724,13,Never make business logic depend on folder names alone.,Partial; live acceptance and full hierarchy outstanding,storage/google.py; GOOGLE_SETUP.md; tests/test_providers.py
726,13,Use Drive file/folder IDs as durable identity.,Partial; live acceptance and full hierarchy outstanding,storage/google.py; GOOGLE_SETUP.md; tests/test_providers.py
728,13,## StorageConnection,Partial; live acceptance and full hierarchy outstanding,storage/google.py; GOOGLE_SETUP.md; tests/test_providers.py
730,13,Fields:,Partial; live acceptance and full hierarchy outstanding,storage/google.py; GOOGLE_SETUP.md; tests/test_providers.py
732,13,- workspace,Partial; live acceptance and full hierarchy outstanding,storage/google.py; GOOGLE_SETUP.md; tests/test_providers.py
733,13,- provider = google_drive,Partial; live acceptance and full hierarchy outstanding,storage/google.py; GOOGLE_SETUP.md; tests/test_providers.py
734,13,- account identity/email,Partial; live acceptance and full hierarchy outstanding,storage/google.py; GOOGLE_SETUP.md; tests/test_providers.py
735,13,- root folder ID,Partial; live acceptance and full hierarchy outstanding,storage/google.py; GOOGLE_SETUP.md; tests/test_providers.py
736,13,- Shared Drive ID optional,Partial; live acceptance and full hierarchy outstanding,storage/google.py; GOOGLE_SETUP.md; tests/test_providers.py
737,13,- encrypted OAuth refresh credentials,Partial; live acceptance and full hierarchy outstanding,storage/google.py; GOOGLE_SETUP.md; tests/test_providers.py
738,13,- scopes,Partial; live acceptance and full hierarchy outstanding,storage/google.py; GOOGLE_SETUP.md; tests/test_providers.py
739,13,- connection status,Partial; live acceptance and full hierarchy outstanding,storage/google.py; GOOGLE_SETUP.md; tests/test_providers.py
740,13,- last successful sync,Partial; live acceptance and full hierarchy outstanding,storage/google.py; GOOGLE_SETUP.md; tests/test_providers.py
741,13,- error state,Partial; live acceptance and full hierarchy outstanding,storage/google.py; GOOGLE_SETUP.md; tests/test_providers.py
742,13,- created_by,Partial; live acceptance and full hierarchy outstanding,storage/google.py; GOOGLE_SETUP.md; tests/test_providers.py
743,13,- timestamps,Partial; live acceptance and full hierarchy outstanding,storage/google.py; GOOGLE_SETUP.md; tests/test_providers.py
745,13,Encrypt secrets using a dedicated environment encryption key.,Partial; live acceptance and full hierarchy outstanding,storage/google.py; GOOGLE_SETUP.md; tests/test_providers.py
747,13,## Production storage preference,Partial; live acceptance and full hierarchy outstanding,storage/google.py; GOOGLE_SETUP.md; tests/test_providers.py
749,13,Support both My Drive and Shared Drives.,Partial; live acceptance and full hierarchy outstanding,storage/google.py; GOOGLE_SETUP.md; tests/test_providers.py
751,13,"For company-owned assets, prefer a **Google Shared Drive** when available because asset ownership should belong to the organization rather than one employee.",Partial; live acceptance and full hierarchy outstanding,storage/google.py; GOOGLE_SETUP.md; tests/test_providers.py
753,13,## OAuth,Partial; live acceptance and full hierarchy outstanding,storage/google.py; GOOGLE_SETUP.md; tests/test_providers.py
755,13,Implement proper Google OAuth 2.0:,Partial; live acceptance and full hierarchy outstanding,storage/google.py; GOOGLE_SETUP.md; tests/test_providers.py
756,13,- state validation,Partial; live acceptance and full hierarchy outstanding,storage/google.py; GOOGLE_SETUP.md; tests/test_providers.py
757,13,- PKCE if supported/appropriate for chosen flow,Partial; live acceptance and full hierarchy outstanding,storage/google.py; GOOGLE_SETUP.md; tests/test_providers.py
758,13,- encrypted refresh token,Partial; live acceptance and full hierarchy outstanding,storage/google.py; GOOGLE_SETUP.md; tests/test_providers.py
759,13,- token refresh,Partial; live acceptance and full hierarchy outstanding,storage/google.py; GOOGLE_SETUP.md; tests/test_providers.py
760,13,- revoked credential handling,Partial; live acceptance and full hierarchy outstanding,storage/google.py; GOOGLE_SETUP.md; tests/test_providers.py
761,13,- disconnect,Partial; live acceptance and full hierarchy outstanding,storage/google.py; GOOGLE_SETUP.md; tests/test_providers.py
762,13,- connection test,Partial; live acceptance and full hierarchy outstanding,storage/google.py; GOOGLE_SETUP.md; tests/test_providers.py
764,13,Choose the narrowest practical scopes.,Partial; live acceptance and full hierarchy outstanding,storage/google.py; GOOGLE_SETUP.md; tests/test_providers.py
766,13,Default toward `drive.file` when the workflow only needs files created/explicitly selected by the application.,Partial; live acceptance and full hierarchy outstanding,storage/google.py; GOOGLE_SETUP.md; tests/test_providers.py
768,13,"If broader browsing/sync of an existing Drive hierarchy requires broader Drive scopes, make this an explicit admin choice and document Google verification implications.",Partial; live acceptance and full hierarchy outstanding,storage/google.py; GOOGLE_SETUP.md; tests/test_providers.py
770,13,Never send refresh tokens to React.,Partial; live acceptance and full hierarchy outstanding,storage/google.py; GOOGLE_SETUP.md; tests/test_providers.py
772,13,## Drive folder organization,Partial; live acceptance and full hierarchy outstanding,storage/google.py; GOOGLE_SETUP.md; tests/test_providers.py
774,13,"Create a stable application root, e.g.:",Partial; live acceptance and full hierarchy outstanding,storage/google.py; GOOGLE_SETUP.md; tests/test_providers.py
776,13,```text,Partial; live acceptance and full hierarchy outstanding,storage/google.py; GOOGLE_SETUP.md; tests/test_providers.py
777,13,CreativeManager/,Partial; live acceptance and full hierarchy outstanding,storage/google.py; GOOGLE_SETUP.md; tests/test_providers.py
778,13,└─ Workspaces/,Partial; live acceptance and full hierarchy outstanding,storage/google.py; GOOGLE_SETUP.md; tests/test_providers.py
779,13,   └─ {workspace-code}_{workspace-slug}/,Partial; live acceptance and full hierarchy outstanding,storage/google.py; GOOGLE_SETUP.md; tests/test_providers.py
780,13,      └─ Brands/,Partial; live acceptance and full hierarchy outstanding,storage/google.py; GOOGLE_SETUP.md; tests/test_providers.py
781,13,         └─ {brand-code}_{brand-slug}/,Partial; live acceptance and full hierarchy outstanding,storage/google.py; GOOGLE_SETUP.md; tests/test_providers.py
782,13,            ├─ Products/,Partial; live acceptance and full hierarchy outstanding,storage/google.py; GOOGLE_SETUP.md; tests/test_providers.py
783,13,            ├─ Campaigns/,Partial; live acceptance and full hierarchy outstanding,storage/google.py; GOOGLE_SETUP.md; tests/test_providers.py
784,13,            │  └─ {YYYY}/,Partial; live acceptance and full hierarchy outstanding,storage/google.py; GOOGLE_SETUP.md; tests/test_providers.py
785,13,            │     └─ {campaign-code}_{campaign-slug}/,Partial; live acceptance and full hierarchy outstanding,storage/google.py; GOOGLE_SETUP.md; tests/test_providers.py
786,13,            │        └─ Requests/,Partial; live acceptance and full hierarchy outstanding,storage/google.py; GOOGLE_SETUP.md; tests/test_providers.py
787,13,            │           └─ {request-code}/,Partial; live acceptance and full hierarchy outstanding,storage/google.py; GOOGLE_SETUP.md; tests/test_providers.py
788,13,            │              ├─ 01_Source_Materials/,Partial; live acceptance and full hierarchy outstanding,storage/google.py; GOOGLE_SETUP.md; tests/test_providers.py
789,13,            │              ├─ 02_Working/,Partial; live acceptance and full hierarchy outstanding,storage/google.py; GOOGLE_SETUP.md; tests/test_providers.py
790,13,            │              ├─ 03_Approved/,Partial; live acceptance and full hierarchy outstanding,storage/google.py; GOOGLE_SETUP.md; tests/test_providers.py
791,13,            │              └─ 04_Published/,Partial; live acceptance and full hierarchy outstanding,storage/google.py; GOOGLE_SETUP.md; tests/test_providers.py
792,13,            ├─ Creatives/,Partial; live acceptance and full hierarchy outstanding,storage/google.py; GOOGLE_SETUP.md; tests/test_providers.py
793,13,            │  └─ {creative-code}/,Partial; live acceptance and full hierarchy outstanding,storage/google.py; GOOGLE_SETUP.md; tests/test_providers.py
794,13,            │     ├─ Versions/,Partial; live acceptance and full hierarchy outstanding,storage/google.py; GOOGLE_SETUP.md; tests/test_providers.py
795,13,            │     │  ├─ v001/,Partial; live acceptance and full hierarchy outstanding,storage/google.py; GOOGLE_SETUP.md; tests/test_providers.py
796,13,            │     │  ├─ v002/,Partial; live acceptance and full hierarchy outstanding,storage/google.py; GOOGLE_SETUP.md; tests/test_providers.py
797,13,            │     │  └─ ...,Partial; live acceptance and full hierarchy outstanding,storage/google.py; GOOGLE_SETUP.md; tests/test_providers.py
798,13,            │     ├─ Masters/,Partial; live acceptance and full hierarchy outstanding,storage/google.py; GOOGLE_SETUP.md; tests/test_providers.py
799,13,            │     ├─ Thumbnails/,Partial; live acceptance and full hierarchy outstanding,storage/google.py; GOOGLE_SETUP.md; tests/test_providers.py
800,13,            │     └─ Exports/,Partial; live acceptance and full hierarchy outstanding,storage/google.py; GOOGLE_SETUP.md; tests/test_providers.py
801,13,            ├─ Clips/,Partial; live acceptance and full hierarchy outstanding,storage/google.py; GOOGLE_SETUP.md; tests/test_providers.py
802,13,            ├─ Context/,Partial; live acceptance and full hierarchy outstanding,storage/google.py; GOOGLE_SETUP.md; tests/test_providers.py
803,13,            └─ Archive/,Partial; live acceptance and full hierarchy outstanding,storage/google.py; GOOGLE_SETUP.md; tests/test_providers.py
804,13,```,Partial; live acceptance and full hierarchy outstanding,storage/google.py; GOOGLE_SETUP.md; tests/test_providers.py
806,13,Do not repeatedly search Drive by path to resolve folders.,Partial; live acceptance and full hierarchy outstanding,storage/google.py; GOOGLE_SETUP.md; tests/test_providers.py
808,13,Create a `DriveFolderMapping` table:,Partial; live acceptance and full hierarchy outstanding,storage/google.py; GOOGLE_SETUP.md; tests/test_providers.py
810,13,- workspace,Partial; live acceptance and full hierarchy outstanding,storage/google.py; GOOGLE_SETUP.md; tests/test_providers.py
811,13,- brand optional,Partial; live acceptance and full hierarchy outstanding,storage/google.py; GOOGLE_SETUP.md; tests/test_providers.py
812,13,- entity_type,Partial; live acceptance and full hierarchy outstanding,storage/google.py; GOOGLE_SETUP.md; tests/test_providers.py
813,13,- entity_id,Partial; live acceptance and full hierarchy outstanding,storage/google.py; GOOGLE_SETUP.md; tests/test_providers.py
814,13,- folder_role,Partial; live acceptance and full hierarchy outstanding,storage/google.py; GOOGLE_SETUP.md; tests/test_providers.py
815,13,- drive_folder_id,Partial; live acceptance and full hierarchy outstanding,storage/google.py; GOOGLE_SETUP.md; tests/test_providers.py
816,13,- connection,Partial; live acceptance and full hierarchy outstanding,storage/google.py; GOOGLE_SETUP.md; tests/test_providers.py
817,13,- timestamps,Partial; live acceptance and full hierarchy outstanding,storage/google.py; GOOGLE_SETUP.md; tests/test_providers.py
819,13,Use folder ID mapping as the authoritative link.,Partial; live acceptance and full hierarchy outstanding,storage/google.py; GOOGLE_SETUP.md; tests/test_providers.py
821,13,## appProperties,Partial; live acceptance and full hierarchy outstanding,storage/google.py; GOOGLE_SETUP.md; tests/test_providers.py
823,13,"Where useful, tag app-created Drive items with `appProperties`, for example:",Partial; live acceptance and full hierarchy outstanding,storage/google.py; GOOGLE_SETUP.md; tests/test_providers.py
825,13,- app = creative_manager,Partial; live acceptance and full hierarchy outstanding,storage/google.py; GOOGLE_SETUP.md; tests/test_providers.py
826,13,- workspace_id,Partial; live acceptance and full hierarchy outstanding,storage/google.py; GOOGLE_SETUP.md; tests/test_providers.py
827,13,- brand_id,Partial; live acceptance and full hierarchy outstanding,storage/google.py; GOOGLE_SETUP.md; tests/test_providers.py
828,13,- request_id,Partial; live acceptance and full hierarchy outstanding,storage/google.py; GOOGLE_SETUP.md; tests/test_providers.py
829,13,- creative_id,Partial; live acceptance and full hierarchy outstanding,storage/google.py; GOOGLE_SETUP.md; tests/test_providers.py
830,13,- version_id,Partial; live acceptance and full hierarchy outstanding,storage/google.py; GOOGLE_SETUP.md; tests/test_providers.py
831,13,- file_role,Partial; live acceptance and full hierarchy outstanding,storage/google.py; GOOGLE_SETUP.md; tests/test_providers.py
833,13,Do not rely exclusively on these properties; database mappings remain primary.,Partial; live acceptance and full hierarchy outstanding,storage/google.py; GOOGLE_SETUP.md; tests/test_providers.py
835,13,## Upload behavior,Partial; live acceptance and full hierarchy outstanding,storage/google.py; GOOGLE_SETUP.md; tests/test_providers.py
837,13,Implement resumable upload for large files.,Partial; live acceptance and full hierarchy outstanding,storage/google.py; GOOGLE_SETUP.md; tests/test_providers.py
839,13,Design upload states:,Partial; live acceptance and full hierarchy outstanding,storage/google.py; GOOGLE_SETUP.md; tests/test_providers.py
841,13,```text,Partial; live acceptance and full hierarchy outstanding,storage/google.py; GOOGLE_SETUP.md; tests/test_providers.py
842,13,queued,Partial; live acceptance and full hierarchy outstanding,storage/google.py; GOOGLE_SETUP.md; tests/test_providers.py
843,13,initializing,Partial; live acceptance and full hierarchy outstanding,storage/google.py; GOOGLE_SETUP.md; tests/test_providers.py
844,13,uploading,Partial; live acceptance and full hierarchy outstanding,storage/google.py; GOOGLE_SETUP.md; tests/test_providers.py
845,13,verifying,Partial; live acceptance and full hierarchy outstanding,storage/google.py; GOOGLE_SETUP.md; tests/test_providers.py
846,13,complete,Partial; live acceptance and full hierarchy outstanding,storage/google.py; GOOGLE_SETUP.md; tests/test_providers.py
847,13,failed,Partial; live acceptance and full hierarchy outstanding,storage/google.py; GOOGLE_SETUP.md; tests/test_providers.py
848,13,cancelled,Partial; live acceptance and full hierarchy outstanding,storage/google.py; GOOGLE_SETUP.md; tests/test_providers.py
849,13,```,Partial; live acceptance and full hierarchy outstanding,storage/google.py; GOOGLE_SETUP.md; tests/test_providers.py
851,13,Store:,Partial; live acceptance and full hierarchy outstanding,storage/google.py; GOOGLE_SETUP.md; tests/test_providers.py
852,13,- idempotency key,Partial; live acceptance and full hierarchy outstanding,storage/google.py; GOOGLE_SETUP.md; tests/test_providers.py
853,13,- resumable session URI encrypted or protected as appropriate,Partial; live acceptance and full hierarchy outstanding,storage/google.py; GOOGLE_SETUP.md; tests/test_providers.py
854,13,- total bytes,Partial; live acceptance and full hierarchy outstanding,storage/google.py; GOOGLE_SETUP.md; tests/test_providers.py
855,13,- uploaded bytes,Partial; live acceptance and full hierarchy outstanding,storage/google.py; GOOGLE_SETUP.md; tests/test_providers.py
856,13,- attempts,Partial; live acceptance and full hierarchy outstanding,storage/google.py; GOOGLE_SETUP.md; tests/test_providers.py
857,13,- last error,Partial; live acceptance and full hierarchy outstanding,storage/google.py; GOOGLE_SETUP.md; tests/test_providers.py
858,13,- external file ID,Partial; live acceptance and full hierarchy outstanding,storage/google.py; GOOGLE_SETUP.md; tests/test_providers.py
859,13,- timestamps,Partial; live acceptance and full hierarchy outstanding,storage/google.py; GOOGLE_SETUP.md; tests/test_providers.py
861,13,Uploads must be resumable after transient failures.,Partial; live acceptance and full hierarchy outstanding,storage/google.py; GOOGLE_SETUP.md; tests/test_providers.py
863,13,Do not mark complete before Drive confirms the file.,Partial; live acceptance and full hierarchy outstanding,storage/google.py; GOOGLE_SETUP.md; tests/test_providers.py
865,13,## Drive sync,Partial; live acceptance and full hierarchy outstanding,storage/google.py; GOOGLE_SETUP.md; tests/test_providers.py
867,13,Implement:,Partial; live acceptance and full hierarchy outstanding,storage/google.py; GOOGLE_SETUP.md; tests/test_providers.py
868,13,- initial inventory sync,Partial; live acceptance and full hierarchy outstanding,storage/google.py; GOOGLE_SETUP.md; tests/test_providers.py
869,13,- incremental sync where practical using Drive change tracking,Partial; live acceptance and full hierarchy outstanding,storage/google.py; GOOGLE_SETUP.md; tests/test_providers.py
870,13,- deleted/moved/renamed file reconciliation,Partial; live acceptance and full hierarchy outstanding,storage/google.py; GOOGLE_SETUP.md; tests/test_providers.py
871,13,- duplicate detection,Partial; live acceptance and full hierarchy outstanding,storage/google.py; GOOGLE_SETUP.md; tests/test_providers.py
872,13,- orphan reporting,Partial; live acceptance and full hierarchy outstanding,storage/google.py; GOOGLE_SETUP.md; tests/test_providers.py
873,13,- sync run audit,Partial; live acceptance and full hierarchy outstanding,storage/google.py; GOOGLE_SETUP.md; tests/test_providers.py
874,13,- clear error reporting,Partial; live acceptance and full hierarchy outstanding,storage/google.py; GOOGLE_SETUP.md; tests/test_providers.py
876,13,Renaming a Drive folder must not break DB relationships.,Partial; live acceptance and full hierarchy outstanding,storage/google.py; GOOGLE_SETUP.md; tests/test_providers.py
878,13,## Existing file attachment,Partial; live acceptance and full hierarchy outstanding,storage/google.py; GOOGLE_SETUP.md; tests/test_providers.py
880,13,Allow authorized users to:,Partial; live acceptance and full hierarchy outstanding,storage/google.py; GOOGLE_SETUP.md; tests/test_providers.py
881,13,- select/search existing Drive files accessible through the configured connection;,Partial; live acceptance and full hierarchy outstanding,storage/google.py; GOOGLE_SETUP.md; tests/test_providers.py
882,13,- attach a Drive object to a Creative/Version;,Partial; live acceptance and full hierarchy outstanding,storage/google.py; GOOGLE_SETUP.md; tests/test_providers.py
883,13,- avoid duplicate storage objects.,Partial; live acceptance and full hierarchy outstanding,storage/google.py; GOOGLE_SETUP.md; tests/test_providers.py
885,13,---,Partial; live acceptance and full hierarchy outstanding,storage/google.py; GOOGLE_SETUP.md; tests/test_providers.py
887,14,# 14. LOCAL STORAGE FALLBACK,Implemented local fallback,storage/services.py
889,14,Retain a local storage provider for:,Implemented local fallback,storage/services.py
890,14,- development,Implemented local fallback,storage/services.py
891,14,- tests,Implemented local fallback,storage/services.py
892,14,- emergency fallback if explicitly configured,Implemented local fallback,storage/services.py
894,14,Production defaults should be configurable.,Implemented local fallback,storage/services.py
896,14,Do not mix local and Drive identity silently.,Implemented local fallback,storage/services.py
898,14,Each file knows its provider.,Implemented local fallback,storage/services.py
900,14,Temporary upload files must have cleanup routines.,Implemented local fallback,storage/services.py
902,14,---,Implemented local fallback,storage/services.py
904,15,# 15. YOUTUBE RESUMABLE UPLOAD,Transport tested; live acceptance outstanding,storage/google.py; tests/test_providers.py
906,15,Preserve and rebuild the source module’s YouTube resumable upload capability.,Transport tested; live acceptance outstanding,storage/google.py; tests/test_providers.py
908,15,Use YouTube Data API v3 and official resumable upload behavior.,Transport tested; live acceptance outstanding,storage/google.py; tests/test_providers.py
910,15,Requirements:,Transport tested; live acceptance outstanding,storage/google.py; tests/test_providers.py
912,15,- only approved/publishable creative versions,Transport tested; live acceptance outstanding,storage/google.py; tests/test_providers.py
913,15,- deterministic master asset resolution,Transport tested; live acceptance outstanding,storage/google.py; tests/test_providers.py
914,15,- resumable session state,Transport tested; live acceptance outstanding,storage/google.py; tests/test_providers.py
915,15,- progress bytes,Transport tested; live acceptance outstanding,storage/google.py; tests/test_providers.py
916,15,- retries with backoff,Transport tested; live acceptance outstanding,storage/google.py; tests/test_providers.py
917,15,- idempotency,Transport tested; live acceptance outstanding,storage/google.py; tests/test_providers.py
918,15,- saved video ID only after confirmed success,Transport tested; live acceptance outstanding,storage/google.py; tests/test_providers.py
919,15,- safe privacy defaults: `private` or `unlisted`,Transport tested; live acceptance outstanding,storage/google.py; tests/test_providers.py
920,15,- no automatic public publish unless an authorized user explicitly selects it,Transport tested; live acceptance outstanding,storage/google.py; tests/test_providers.py
921,15,- provider errors displayed in human-readable form,Transport tested; live acceptance outstanding,storage/google.py; tests/test_providers.py
922,15,- audit record,Transport tested; live acceptance outstanding,storage/google.py; tests/test_providers.py
924,15,Never fabricate a video ID.,Transport tested; live acceptance outstanding,storage/google.py; tests/test_providers.py
926,15,---,Transport tested; live acceptance outstanding,storage/google.py; tests/test_providers.py
928,16,# 16. CREATIVE LINEAGE / FAMILIES,Relationship records and variant action; graph partial,creatives/services.py; frontend/src/App.tsx
930,16,Implement CreativeRelationship.,Relationship records and variant action; graph partial,creatives/services.py; frontend/src/App.tsx
932,16,Supported relationships:,Relationship records and variant action; graph partial,creatives/services.py; frontend/src/App.tsx
934,16,- variant,Relationship records and variant action; graph partial,creatives/services.py; frontend/src/App.tsx
935,16,- refresh,Relationship records and variant action; graph partial,creatives/services.py; frontend/src/App.tsx
936,16,- remake,Relationship records and variant action; graph partial,creatives/services.py; frontend/src/App.tsx
937,16,- derivative,Relationship records and variant action; graph partial,creatives/services.py; frontend/src/App.tsx
938,16,- localization,Relationship records and variant action; graph partial,creatives/services.py; frontend/src/App.tsx
940,16,"Relationships are between **Creatives**, not between CreativeVersions.",Relationship records and variant action; graph partial,creatives/services.py; frontend/src/App.tsx
942,16,Provide family/lineage graph.,Relationship records and variant action; graph partial,creatives/services.py; frontend/src/App.tsx
944,16,Support creating a related creative from a parent while retaining:,Relationship records and variant action; graph partial,creatives/services.py; frontend/src/App.tsx
945,16,- parent link,Relationship records and variant action; graph partial,creatives/services.py; frontend/src/App.tsx
946,16,- change hypothesis,Relationship records and variant action; graph partial,creatives/services.py; frontend/src/App.tsx
947,16,- what changed,Relationship records and variant action; graph partial,creatives/services.py; frontend/src/App.tsx
948,16,- reason,Relationship records and variant action; graph partial,creatives/services.py; frontend/src/App.tsx
949,16,- author,Relationship records and variant action; graph partial,creatives/services.py; frontend/src/App.tsx
951,16,Examples:,Relationship records and variant action; graph partial,creatives/services.py; frontend/src/App.tsx
952,16,"- same body, new hook",Relationship records and variant action; graph partial,creatives/services.py; frontend/src/App.tsx
953,16,- new CTA,Relationship records and variant action; graph partial,creatives/services.py; frontend/src/App.tsx
954,16,- localized Arabic/French version,Relationship records and variant action; graph partial,creatives/services.py; frontend/src/App.tsx
955,16,- seasonal refresh,Relationship records and variant action; graph partial,creatives/services.py; frontend/src/App.tsx
957,16,---,Relationship records and variant action; graph partial,creatives/services.py; frontend/src/App.tsx
959,17,# 17. CLIPS AND CONTENT INDEX,Manual clips/index/corrections; extraction and FTS outstanding,storage/models.py; common/serializers.py; SearchView
961,17,## Clip,Manual clips/index/corrections; extraction and FTS outstanding,storage/models.py; common/serializers.py; SearchView
963,17,Represent reusable visual/audio portions.,Manual clips/index/corrections; extraction and FTS outstanding,storage/models.py; common/serializers.py; SearchView
965,17,Fields may include:,Manual clips/index/corrections; extraction and FTS outstanding,storage/models.py; common/serializers.py; SearchView
967,17,- workspace/brand,Manual clips/index/corrections; extraction and FTS outstanding,storage/models.py; common/serializers.py; SearchView
968,17,- source storage object,Manual clips/index/corrections; extraction and FTS outstanding,storage/models.py; common/serializers.py; SearchView
969,17,- title,Manual clips/index/corrections; extraction and FTS outstanding,storage/models.py; common/serializers.py; SearchView
970,17,- start/end timestamps,Manual clips/index/corrections; extraction and FTS outstanding,storage/models.py; common/serializers.py; SearchView
971,17,- description,Manual clips/index/corrections; extraction and FTS outstanding,storage/models.py; common/serializers.py; SearchView
972,17,- tags,Manual clips/index/corrections; extraction and FTS outstanding,storage/models.py; common/serializers.py; SearchView
973,17,- transcript fragment,Manual clips/index/corrections; extraction and FTS outstanding,storage/models.py; common/serializers.py; SearchView
974,17,- created_by,Manual clips/index/corrections; extraction and FTS outstanding,storage/models.py; common/serializers.py; SearchView
976,17,## ClipUsage,Manual clips/index/corrections; extraction and FTS outstanding,storage/models.py; common/serializers.py; SearchView
978,17,Track clips used in creative versions.,Manual clips/index/corrections; extraction and FTS outstanding,storage/models.py; common/serializers.py; SearchView
980,17,This allows later analytics such as:,Manual clips/index/corrections; extraction and FTS outstanding,storage/models.py; common/serializers.py; SearchView
981,17,- which clips appear in winners;,Manual clips/index/corrections; extraction and FTS outstanding,storage/models.py; common/serializers.py; SearchView
982,17,- clip reuse count;,Manual clips/index/corrections; extraction and FTS outstanding,storage/models.py; common/serializers.py; SearchView
983,17,- performance by clip.,Manual clips/index/corrections; extraction and FTS outstanding,storage/models.py; common/serializers.py; SearchView
985,17,## ContentIndexEntry,Manual clips/index/corrections; extraction and FTS outstanding,storage/models.py; common/serializers.py; SearchView
987,17,Support:,Manual clips/index/corrections; extraction and FTS outstanding,storage/models.py; common/serializers.py; SearchView
989,17,- transcript,Manual clips/index/corrections; extraction and FTS outstanding,storage/models.py; common/serializers.py; SearchView
990,17,- OCR,Manual clips/index/corrections; extraction and FTS outstanding,storage/models.py; common/serializers.py; SearchView
991,17,- manually corrected text,Manual clips/index/corrections; extraction and FTS outstanding,storage/models.py; common/serializers.py; SearchView
992,17,- source type,Manual clips/index/corrections; extraction and FTS outstanding,storage/models.py; common/serializers.py; SearchView
993,17,- source object/version,Manual clips/index/corrections; extraction and FTS outstanding,storage/models.py; common/serializers.py; SearchView
994,17,- language,Manual clips/index/corrections; extraction and FTS outstanding,storage/models.py; common/serializers.py; SearchView
995,17,- timestamps,Manual clips/index/corrections; extraction and FTS outstanding,storage/models.py; common/serializers.py; SearchView
997,17,"For SQLite, implement full-text search safely using either:",Manual clips/index/corrections; extraction and FTS outstanding,storage/models.py; common/serializers.py; SearchView
998,17,- Django-compatible FTS integration; or,Manual clips/index/corrections; extraction and FTS outstanding,storage/models.py; common/serializers.py; SearchView
999,17,- an isolated SQLite FTS5 adapter with a clean fallback.,Manual clips/index/corrections; extraction and FTS outstanding,storage/models.py; common/serializers.py; SearchView
1001,17,Do not scatter raw FTS SQL across the application.,Manual clips/index/corrections; extraction and FTS outstanding,storage/models.py; common/serializers.py; SearchView
1003,17,Human corrections must override automated extraction without deleting machine output.,Manual clips/index/corrections; extraction and FTS outstanding,storage/models.py; common/serializers.py; SearchView
1005,17,---,Manual clips/index/corrections; extraction and FTS outstanding,storage/models.py; common/serializers.py; SearchView
1007,18,# 18. CREATIVE LIBRARY,Library implemented; advanced filters partial,frontend/src/App.tsx
1009,18,Build a powerful read/search library.,Library implemented; advanced filters partial,frontend/src/App.tsx
1011,18,Filters:,Library implemented; advanced filters partial,frontend/src/App.tsx
1012,18,- brand,Library implemented; advanced filters partial,frontend/src/App.tsx
1013,18,- product,Library implemented; advanced filters partial,frontend/src/App.tsx
1014,18,- campaign,Library implemented; advanced filters partial,frontend/src/App.tsx
1015,18,- platform,Library implemented; advanced filters partial,frontend/src/App.tsx
1016,18,- creative type,Library implemented; advanced filters partial,frontend/src/App.tsx
1017,18,- editor,Library implemented; advanced filters partial,frontend/src/App.tsx
1018,18,- status,Library implemented; advanced filters partial,frontend/src/App.tsx
1019,18,- outcome,Library implemented; advanced filters partial,frontend/src/App.tsx
1020,18,- date,Library implemented; advanced filters partial,frontend/src/App.tsx
1021,18,- tags,Library implemented; advanced filters partial,frontend/src/App.tsx
1022,18,- family,Library implemented; advanced filters partial,frontend/src/App.tsx
1023,18,- used clip,Library implemented; advanced filters partial,frontend/src/App.tsx
1024,18,- performance thresholds,Library implemented; advanced filters partial,frontend/src/App.tsx
1026,18,Views:,Library implemented; advanced filters partial,frontend/src/App.tsx
1027,18,- cards,Library implemented; advanced filters partial,frontend/src/App.tsx
1028,18,- compact table,Library implemented; advanced filters partial,frontend/src/App.tsx
1029,18,- family view,Library implemented; advanced filters partial,frontend/src/App.tsx
1030,18,- creative detail,Library implemented; advanced filters partial,frontend/src/App.tsx
1032,18,"Show useful summary signals, not excessive clutter.",Library implemented; advanced filters partial,frontend/src/App.tsx
1034,18,---,Library implemented; advanced filters partial,frontend/src/App.tsx
1036,19,# 19. PERFORMANCE AND DEPLOYMENTS,Historical/manual performance implemented,performance; tests/test_domain.py; e2e/extended.spec.ts
1038,19,## Deployment,Historical/manual performance implemented,performance; tests/test_domain.py; e2e/extended.spec.ts
1040,19,A Deployment represents usage of a creative/version on an external platform.,Historical/manual performance implemented,performance; tests/test_domain.py; e2e/extended.spec.ts
1042,19,Fields:,Historical/manual performance implemented,performance; tests/test_domain.py; e2e/extended.spec.ts
1043,19,- creative,Historical/manual performance implemented,performance; tests/test_domain.py; e2e/extended.spec.ts
1044,19,- creative version,Historical/manual performance implemented,performance; tests/test_domain.py; e2e/extended.spec.ts
1045,19,- provider/platform,Historical/manual performance implemented,performance; tests/test_domain.py; e2e/extended.spec.ts
1046,19,- ad connection,Historical/manual performance implemented,performance; tests/test_domain.py; e2e/extended.spec.ts
1047,19,- external account ID,Historical/manual performance implemented,performance; tests/test_domain.py; e2e/extended.spec.ts
1048,19,- campaign ID/name,Historical/manual performance implemented,performance; tests/test_domain.py; e2e/extended.spec.ts
1049,19,- ad set/group ID/name,Historical/manual performance implemented,performance; tests/test_domain.py; e2e/extended.spec.ts
1050,19,- ad ID/name,Historical/manual performance implemented,performance; tests/test_domain.py; e2e/extended.spec.ts
1051,19,- destination URL,Historical/manual performance implemented,performance; tests/test_domain.py; e2e/extended.spec.ts
1052,19,- UTM,Historical/manual performance implemented,performance; tests/test_domain.py; e2e/extended.spec.ts
1053,19,- active state,Historical/manual performance implemented,performance; tests/test_domain.py; e2e/extended.spec.ts
1054,19,- deployed_at,Historical/manual performance implemented,performance; tests/test_domain.py; e2e/extended.spec.ts
1055,19,- sync timestamps,Historical/manual performance implemented,performance; tests/test_domain.py; e2e/extended.spec.ts
1057,19,A Creative may have many Deployments.,Historical/manual performance implemented,performance; tests/test_domain.py; e2e/extended.spec.ts
1059,19,## PerformanceSnapshot,Historical/manual performance implemented,performance; tests/test_domain.py; e2e/extended.spec.ts
1061,19,"Store time-series data, not only one mutable total.",Historical/manual performance implemented,performance; tests/test_domain.py; e2e/extended.spec.ts
1063,19,Suggested metrics:,Historical/manual performance implemented,performance; tests/test_domain.py; e2e/extended.spec.ts
1064,19,- spend,Historical/manual performance implemented,performance; tests/test_domain.py; e2e/extended.spec.ts
1065,19,- impressions,Historical/manual performance implemented,performance; tests/test_domain.py; e2e/extended.spec.ts
1066,19,- reach,Historical/manual performance implemented,performance; tests/test_domain.py; e2e/extended.spec.ts
1067,19,- frequency,Historical/manual performance implemented,performance; tests/test_domain.py; e2e/extended.spec.ts
1068,19,- clicks,Historical/manual performance implemented,performance; tests/test_domain.py; e2e/extended.spec.ts
1069,19,- link clicks,Historical/manual performance implemented,performance; tests/test_domain.py; e2e/extended.spec.ts
1070,19,- CTR,Historical/manual performance implemented,performance; tests/test_domain.py; e2e/extended.spec.ts
1071,19,- CPC,Historical/manual performance implemented,performance; tests/test_domain.py; e2e/extended.spec.ts
1072,19,- CPM,Historical/manual performance implemented,performance; tests/test_domain.py; e2e/extended.spec.ts
1073,19,- conversions,Historical/manual performance implemented,performance; tests/test_domain.py; e2e/extended.spec.ts
1074,19,- purchases,Historical/manual performance implemented,performance; tests/test_domain.py; e2e/extended.spec.ts
1075,19,- CPA,Historical/manual performance implemented,performance; tests/test_domain.py; e2e/extended.spec.ts
1076,19,- revenue/value,Historical/manual performance implemented,performance; tests/test_domain.py; e2e/extended.spec.ts
1077,19,- ROAS,Historical/manual performance implemented,performance; tests/test_domain.py; e2e/extended.spec.ts
1078,19,- video views,Historical/manual performance implemented,performance; tests/test_domain.py; e2e/extended.spec.ts
1079,19,- hook/hold metrics where provider gives them,Historical/manual performance implemented,performance; tests/test_domain.py; e2e/extended.spec.ts
1081,19,Each snapshot must record:,Historical/manual performance implemented,performance; tests/test_domain.py; e2e/extended.spec.ts
1082,19,- provider,Historical/manual performance implemented,performance; tests/test_domain.py; e2e/extended.spec.ts
1083,19,- deployment,Historical/manual performance implemented,performance; tests/test_domain.py; e2e/extended.spec.ts
1084,19,- interval start/end,Historical/manual performance implemented,performance; tests/test_domain.py; e2e/extended.spec.ts
1085,19,- raw provider payload optionally sanitized,Historical/manual performance implemented,performance; tests/test_domain.py; e2e/extended.spec.ts
1086,19,- normalized metrics,Historical/manual performance implemented,performance; tests/test_domain.py; e2e/extended.spec.ts
1087,19,- collected_at,Historical/manual performance implemented,performance; tests/test_domain.py; e2e/extended.spec.ts
1089,19,Use unique constraints to prevent duplicate windows.,Historical/manual performance implemented,performance; tests/test_domain.py; e2e/extended.spec.ts
1091,19,---,Historical/manual performance implemented,performance; tests/test_domain.py; e2e/extended.spec.ts
1093,20,# 20. AD PLATFORM CONNECTIONS,Partial provider coverage,performance/providers.py; integrations/services.py; PROVIDER_INTEGRATIONS.md
1095,20,Support the existing platform concept for:,Partial provider coverage,performance/providers.py; integrations/services.py; PROVIDER_INTEGRATIONS.md
1097,20,- Meta,Partial provider coverage,performance/providers.py; integrations/services.py; PROVIDER_INTEGRATIONS.md
1098,20,- TikTok,Partial provider coverage,performance/providers.py; integrations/services.py; PROVIDER_INTEGRATIONS.md
1099,20,- Google Ads,Partial provider coverage,performance/providers.py; integrations/services.py; PROVIDER_INTEGRATIONS.md
1101,20,Create provider interfaces:,Partial provider coverage,performance/providers.py; integrations/services.py; PROVIDER_INTEGRATIONS.md
1103,20,```text,Partial provider coverage,performance/providers.py; integrations/services.py; PROVIDER_INTEGRATIONS.md
1104,20,AdConnectionProvider,Partial provider coverage,performance/providers.py; integrations/services.py; PROVIDER_INTEGRATIONS.md
1105,20,PerformanceSyncProvider,Partial provider coverage,performance/providers.py; integrations/services.py; PROVIDER_INTEGRATIONS.md
1106,20,PublishingProvider,Partial provider coverage,performance/providers.py; integrations/services.py; PROVIDER_INTEGRATIONS.md
1107,20,```,Partial provider coverage,performance/providers.py; integrations/services.py; PROVIDER_INTEGRATIONS.md
1109,20,Keep these responsibilities separate.,Partial provider coverage,performance/providers.py; integrations/services.py; PROVIDER_INTEGRATIONS.md
1111,20,A provider may support performance sync but not publishing.,Partial provider coverage,performance/providers.py; integrations/services.py; PROVIDER_INTEGRATIONS.md
1113,20,The UI must show capability flags such as:,Partial provider coverage,performance/providers.py; integrations/services.py; PROVIDER_INTEGRATIONS.md
1114,20,- connected,Partial provider coverage,performance/providers.py; integrations/services.py; PROVIDER_INTEGRATIONS.md
1115,20,- performance sync supported,Partial provider coverage,performance/providers.py; integrations/services.py; PROVIDER_INTEGRATIONS.md
1116,20,- publishing supported,Partial provider coverage,performance/providers.py; integrations/services.py; PROVIDER_INTEGRATIONS.md
1117,20,- last sync,Partial provider coverage,performance/providers.py; integrations/services.py; PROVIDER_INTEGRATIONS.md
1118,20,- error state,Partial provider coverage,performance/providers.py; integrations/services.py; PROVIDER_INTEGRATIONS.md
1120,20,## Production safety,Partial provider coverage,performance/providers.py; integrations/services.py; PROVIDER_INTEGRATIONS.md
1122,20,"Mocks must be named, e.g.:",Partial provider coverage,performance/providers.py; integrations/services.py; PROVIDER_INTEGRATIONS.md
1123,20,- `MockMetaProvider`,Partial provider coverage,performance/providers.py; integrations/services.py; PROVIDER_INTEGRATIONS.md
1124,20,- `DeterministicTestProvider`,Partial provider coverage,performance/providers.py; integrations/services.py; PROVIDER_INTEGRATIONS.md
1126,20,Production registry must never silently fall back to a mock.,Partial provider coverage,performance/providers.py; integrations/services.py; PROVIDER_INTEGRATIONS.md
1128,20,"If TikTok or Google publishing is not implemented/authorized, display `Not supported/configured` rather than pretending deployment succeeded.",Partial provider coverage,performance/providers.py; integrations/services.py; PROVIDER_INTEGRATIONS.md
1130,20,## Meta publishing,Partial provider coverage,performance/providers.py; integrations/services.py; PROVIDER_INTEGRATIONS.md
1132,20,Rebuild safe publishing capability from the legacy module.,Partial provider coverage,performance/providers.py; integrations/services.py; PROVIDER_INTEGRATIONS.md
1134,20,Requirements:,Partial provider coverage,performance/providers.py; integrations/services.py; PROVIDER_INTEGRATIONS.md
1135,20,- only approved eligible versions;,Partial provider coverage,performance/providers.py; integrations/services.py; PROVIDER_INTEGRATIONS.md
1136,20,- validated destination URL;,Partial provider coverage,performance/providers.py; integrations/services.py; PROVIDER_INTEGRATIONS.md
1137,20,- resolved master asset;,Partial provider coverage,performance/providers.py; integrations/services.py; PROVIDER_INTEGRATIONS.md
1138,20,- explicit connection/account selection;,Partial provider coverage,performance/providers.py; integrations/services.py; PROVIDER_INTEGRATIONS.md
1139,20,- create PublishJob;,Partial provider coverage,performance/providers.py; integrations/services.py; PROVIDER_INTEGRATIONS.md
1140,20,- record steps;,Partial provider coverage,performance/providers.py; integrations/services.py; PROVIDER_INTEGRATIONS.md
1141,20,- store provider receipt/external IDs only from real response;,Partial provider coverage,performance/providers.py; integrations/services.py; PROVIDER_INTEGRATIONS.md
1142,20,- retry only idempotent/safe steps;,Partial provider coverage,performance/providers.py; integrations/services.py; PROVIDER_INTEGRATIONS.md
1143,20,- avoid duplicate ads on retry;,Partial provider coverage,performance/providers.py; integrations/services.py; PROVIDER_INTEGRATIONS.md
1144,20,- audit everything.,Partial provider coverage,performance/providers.py; integrations/services.py; PROVIDER_INTEGRATIONS.md
1146,20,---,Partial provider coverage,performance/providers.py; integrations/services.py; PROVIDER_INTEGRATIONS.md
1148,21,# 21. PUBLISH JOBS / STEP RECORDING,Ledger/safety implemented; live acceptance outstanding,integrations/services.py; tests/test_domain.py
1150,21,Implement:,Ledger/safety implemented; live acceptance outstanding,integrations/services.py; tests/test_domain.py
1152,21,## PublishJob,Ledger/safety implemented; live acceptance outstanding,integrations/services.py; tests/test_domain.py
1153,21,- workspace,Ledger/safety implemented; live acceptance outstanding,integrations/services.py; tests/test_domain.py
1154,21,- creative/version,Ledger/safety implemented; live acceptance outstanding,integrations/services.py; tests/test_domain.py
1155,21,- provider,Ledger/safety implemented; live acceptance outstanding,integrations/services.py; tests/test_domain.py
1156,21,- connection,Ledger/safety implemented; live acceptance outstanding,integrations/services.py; tests/test_domain.py
1157,21,- state,Ledger/safety implemented; live acceptance outstanding,integrations/services.py; tests/test_domain.py
1158,21,- idempotency key,Ledger/safety implemented; live acceptance outstanding,integrations/services.py; tests/test_domain.py
1159,21,- requested_by,Ledger/safety implemented; live acceptance outstanding,integrations/services.py; tests/test_domain.py
1160,21,- error,Ledger/safety implemented; live acceptance outstanding,integrations/services.py; tests/test_domain.py
1161,21,- external receipt,Ledger/safety implemented; live acceptance outstanding,integrations/services.py; tests/test_domain.py
1162,21,- timestamps,Ledger/safety implemented; live acceptance outstanding,integrations/services.py; tests/test_domain.py
1164,21,## PublishStep,Ledger/safety implemented; live acceptance outstanding,integrations/services.py; tests/test_domain.py
1165,21,- job,Ledger/safety implemented; live acceptance outstanding,integrations/services.py; tests/test_domain.py
1166,21,- sequence,Ledger/safety implemented; live acceptance outstanding,integrations/services.py; tests/test_domain.py
1167,21,- operation,Ledger/safety implemented; live acceptance outstanding,integrations/services.py; tests/test_domain.py
1168,21,- status,Ledger/safety implemented; live acceptance outstanding,integrations/services.py; tests/test_domain.py
1169,21,- provider request fingerprint,Ledger/safety implemented; live acceptance outstanding,integrations/services.py; tests/test_domain.py
1170,21,- sanitized response metadata,Ledger/safety implemented; live acceptance outstanding,integrations/services.py; tests/test_domain.py
1171,21,- external ID if confirmed,Ledger/safety implemented; live acceptance outstanding,integrations/services.py; tests/test_domain.py
1172,21,- attempts,Ledger/safety implemented; live acceptance outstanding,integrations/services.py; tests/test_domain.py
1173,21,- timestamps,Ledger/safety implemented; live acceptance outstanding,integrations/services.py; tests/test_domain.py
1175,21,States:,Ledger/safety implemented; live acceptance outstanding,integrations/services.py; tests/test_domain.py
1177,21,```text,Ledger/safety implemented; live acceptance outstanding,integrations/services.py; tests/test_domain.py
1178,21,queued,Ledger/safety implemented; live acceptance outstanding,integrations/services.py; tests/test_domain.py
1179,21,running,Ledger/safety implemented; live acceptance outstanding,integrations/services.py; tests/test_domain.py
1180,21,waiting,Ledger/safety implemented; live acceptance outstanding,integrations/services.py; tests/test_domain.py
1181,21,succeeded,Ledger/safety implemented; live acceptance outstanding,integrations/services.py; tests/test_domain.py
1182,21,failed,Ledger/safety implemented; live acceptance outstanding,integrations/services.py; tests/test_domain.py
1183,21,cancelled,Ledger/safety implemented; live acceptance outstanding,integrations/services.py; tests/test_domain.py
1184,21,```,Ledger/safety implemented; live acceptance outstanding,integrations/services.py; tests/test_domain.py
1186,21,No successful state without provider confirmation.,Ledger/safety implemented; live acceptance outstanding,integrations/services.py; tests/test_domain.py
1188,21,---,Ledger/safety implemented; live acceptance outstanding,integrations/services.py; tests/test_domain.py
1190,22,# 22. OUTCOMES AND FATIGUE,Outcomes/fatigue implemented and tested,performance/services.py; context_hub/evidence.py
1192,22,Implement OutcomeHistory.,Outcomes/fatigue implemented and tested,performance/services.py; context_hub/evidence.py
1194,22,Supported outcome concepts:,Outcomes/fatigue implemented and tested,performance/services.py; context_hub/evidence.py
1196,22,- winner,Outcomes/fatigue implemented and tested,performance/services.py; context_hub/evidence.py
1197,22,- loser,Outcomes/fatigue implemented and tested,performance/services.py; context_hub/evidence.py
1198,22,- neutral,Outcomes/fatigue implemented and tested,performance/services.py; context_hub/evidence.py
1199,22,- fatigued,Outcomes/fatigue implemented and tested,performance/services.py; context_hub/evidence.py
1200,22,- refresh_requested,Outcomes/fatigue implemented and tested,performance/services.py; context_hub/evidence.py
1202,22,Do not overwrite history.,Outcomes/fatigue implemented and tested,performance/services.py; context_hub/evidence.py
1204,22,Store:,Outcomes/fatigue implemented and tested,performance/services.py; context_hub/evidence.py
1205,22,- outcome,Outcomes/fatigue implemented and tested,performance/services.py; context_hub/evidence.py
1206,22,- reason,Outcomes/fatigue implemented and tested,performance/services.py; context_hub/evidence.py
1207,22,- actor or automation,Outcomes/fatigue implemented and tested,performance/services.py; context_hub/evidence.py
1208,22,- supporting metrics snapshot/reference,Outcomes/fatigue implemented and tested,performance/services.py; context_hub/evidence.py
1209,22,- created_at,Outcomes/fatigue implemented and tested,performance/services.py; context_hub/evidence.py
1211,22,## Fatigue engine,Outcomes/fatigue implemented and tested,performance/services.py; context_hub/evidence.py
1213,22,"Use configurable thresholds based on the source behavior, initially:",Outcomes/fatigue implemented and tested,performance/services.py; context_hub/evidence.py
1215,22,- minimum impressions: 100,Outcomes/fatigue implemented and tested,performance/services.py; context_hub/evidence.py
1216,22,- CTR drop warning: ~25%,Outcomes/fatigue implemented and tested,performance/services.py; context_hub/evidence.py
1217,22,- ROAS drop warning: ~25%,Outcomes/fatigue implemented and tested,performance/services.py; context_hub/evidence.py
1218,22,- CPA rise warning: ~30%,Outcomes/fatigue implemented and tested,performance/services.py; context_hub/evidence.py
1219,22,- frequency warning: ~2.5,Outcomes/fatigue implemented and tested,performance/services.py; context_hub/evidence.py
1221,22,"These are defaults, not immutable truth.",Outcomes/fatigue implemented and tested,performance/services.py; context_hub/evidence.py
1223,22,Make them configurable per workspace.,Outcomes/fatigue implemented and tested,performance/services.py; context_hub/evidence.py
1225,22,"Fatigue should generate a **signal**, not silently alter data without audit.",Outcomes/fatigue implemented and tested,performance/services.py; context_hub/evidence.py
1227,22,---,Outcomes/fatigue implemented and tested,performance/services.py; context_hub/evidence.py
1229,23,# 23. EXPERIMENTS,Lifecycle/learning tested; statistical comparisons partial,experiments/services.py; e2e/extended.spec.ts
1231,23,Implement:,Lifecycle/learning tested; statistical comparisons partial,experiments/services.py; e2e/extended.spec.ts
1233,23,## Experiment,Lifecycle/learning tested; statistical comparisons partial,experiments/services.py; e2e/extended.spec.ts
1234,23,- creative/family/campaign context,Lifecycle/learning tested; statistical comparisons partial,experiments/services.py; e2e/extended.spec.ts
1235,23,- title,Lifecycle/learning tested; statistical comparisons partial,experiments/services.py; e2e/extended.spec.ts
1236,23,- hypothesis,Lifecycle/learning tested; statistical comparisons partial,experiments/services.py; e2e/extended.spec.ts
1237,23,- primary KPI,Lifecycle/learning tested; statistical comparisons partial,experiments/services.py; e2e/extended.spec.ts
1238,23,- secondary KPI,Lifecycle/learning tested; statistical comparisons partial,experiments/services.py; e2e/extended.spec.ts
1239,23,- status,Lifecycle/learning tested; statistical comparisons partial,experiments/services.py; e2e/extended.spec.ts
1240,23,- start/end dates,Lifecycle/learning tested; statistical comparisons partial,experiments/services.py; e2e/extended.spec.ts
1241,23,- conclusion,Lifecycle/learning tested; statistical comparisons partial,experiments/services.py; e2e/extended.spec.ts
1242,23,- learning,Lifecycle/learning tested; statistical comparisons partial,experiments/services.py; e2e/extended.spec.ts
1243,23,- next action,Lifecycle/learning tested; statistical comparisons partial,experiments/services.py; e2e/extended.spec.ts
1245,23,## ExperimentArm,Lifecycle/learning tested; statistical comparisons partial,experiments/services.py; e2e/extended.spec.ts
1246,23,- experiment,Lifecycle/learning tested; statistical comparisons partial,experiments/services.py; e2e/extended.spec.ts
1247,23,- name,Lifecycle/learning tested; statistical comparisons partial,experiments/services.py; e2e/extended.spec.ts
1248,23,- control flag,Lifecycle/learning tested; statistical comparisons partial,experiments/services.py; e2e/extended.spec.ts
1249,23,- creative/version/deployment binding,Lifecycle/learning tested; statistical comparisons partial,experiments/services.py; e2e/extended.spec.ts
1251,23,Lifecycle:,Lifecycle/learning tested; statistical comparisons partial,experiments/services.py; e2e/extended.spec.ts
1253,23,```text,Lifecycle/learning tested; statistical comparisons partial,experiments/services.py; e2e/extended.spec.ts
1254,23,draft,Lifecycle/learning tested; statistical comparisons partial,experiments/services.py; e2e/extended.spec.ts
1255,23,running,Lifecycle/learning tested; statistical comparisons partial,experiments/services.py; e2e/extended.spec.ts
1256,23,completed,Lifecycle/learning tested; statistical comparisons partial,experiments/services.py; e2e/extended.spec.ts
1257,23,cancelled,Lifecycle/learning tested; statistical comparisons partial,experiments/services.py; e2e/extended.spec.ts
1258,23,```,Lifecycle/learning tested; statistical comparisons partial,experiments/services.py; e2e/extended.spec.ts
1260,23,Completion should support:,Lifecycle/learning tested; statistical comparisons partial,experiments/services.py; e2e/extended.spec.ts
1261,23,- selected winner if user decides;,Lifecycle/learning tested; statistical comparisons partial,experiments/services.py; e2e/extended.spec.ts
1262,23,- evidence notes;,Lifecycle/learning tested; statistical comparisons partial,experiments/services.py; e2e/extended.spec.ts
1263,23,- metric comparison;,Lifecycle/learning tested; statistical comparisons partial,experiments/services.py; e2e/extended.spec.ts
1264,23,- confidence/limitations notes.,Lifecycle/learning tested; statistical comparisons partial,experiments/services.py; e2e/extended.spec.ts
1266,23,Do not pretend causal certainty merely because one number is higher.,Lifecycle/learning tested; statistical comparisons partial,experiments/services.py; e2e/extended.spec.ts
1268,23,---,Lifecycle/learning tested; statistical comparisons partial,experiments/services.py; e2e/extended.spec.ts
1270,24,"# 24. PATTERNS, EVIDENCE ASSISTANT, PROPOSALS",Partial evidence/proposals,context_hub/evidence.py; frontend/src/Evidence.tsx
1272,24,Rebuild the legacy intelligence features as useful evidence tools.,Partial evidence/proposals,context_hub/evidence.py; frontend/src/Evidence.tsx
1274,24,## Pattern analysis,Partial evidence/proposals,context_hub/evidence.py; frontend/src/Evidence.tsx
1276,24,Support grouped observations such as:,Partial evidence/proposals,context_hub/evidence.py; frontend/src/Evidence.tsx
1277,24,- hook type,Partial evidence/proposals,context_hub/evidence.py; frontend/src/Evidence.tsx
1278,24,- format,Partial evidence/proposals,context_hub/evidence.py; frontend/src/Evidence.tsx
1279,24,- duration,Partial evidence/proposals,context_hub/evidence.py; frontend/src/Evidence.tsx
1280,24,- CTA,Partial evidence/proposals,context_hub/evidence.py; frontend/src/Evidence.tsx
1281,24,- product,Partial evidence/proposals,context_hub/evidence.py; frontend/src/Evidence.tsx
1282,24,- clip,Partial evidence/proposals,context_hub/evidence.py; frontend/src/Evidence.tsx
1283,24,- platform,Partial evidence/proposals,context_hub/evidence.py; frontend/src/Evidence.tsx
1284,24,- family,Partial evidence/proposals,context_hub/evidence.py; frontend/src/Evidence.tsx
1285,24,- outcome,Partial evidence/proposals,context_hub/evidence.py; frontend/src/Evidence.tsx
1287,24,Display sample size and time period.,Partial evidence/proposals,context_hub/evidence.py; frontend/src/Evidence.tsx
1289,24,Avoid presenting weak correlations as proven causes.,Partial evidence/proposals,context_hub/evidence.py; frontend/src/Evidence.tsx
1291,24,## Evidence Assistant,Partial evidence/proposals,context_hub/evidence.py; frontend/src/Evidence.tsx
1293,24,Provide a query/filter interface that can answer questions using stored creative evidence.,Partial evidence/proposals,context_hub/evidence.py; frontend/src/Evidence.tsx
1295,24,Examples:,Partial evidence/proposals,context_hub/evidence.py; frontend/src/Evidence.tsx
1297,24,- winning hair-loss creatives using question hooks;,Partial evidence/proposals,context_hub/evidence.py; frontend/src/Evidence.tsx
1298,24,- creatives whose CTR declined after day 5;,Partial evidence/proposals,context_hub/evidence.py; frontend/src/Evidence.tsx
1299,24,- variants that outperformed their parent;,Partial evidence/proposals,context_hub/evidence.py; frontend/src/Evidence.tsx
1300,24,- clips repeatedly used in winners.,Partial evidence/proposals,context_hub/evidence.py; frontend/src/Evidence.tsx
1302,24,Evidence Assistant initially uses database evidence.,Partial evidence/proposals,context_hub/evidence.py; frontend/src/Evidence.tsx
1304,24,If an AI analysis provider is later added:,Partial evidence/proposals,context_hub/evidence.py; frontend/src/Evidence.tsx
1305,24,- it must cite internal source records;,Partial evidence/proposals,context_hub/evidence.py; frontend/src/Evidence.tsx
1306,24,- it must not fabricate metrics;,Partial evidence/proposals,context_hub/evidence.py; frontend/src/Evidence.tsx
1307,24,- AI output is advisory only.,Partial evidence/proposals,context_hub/evidence.py; frontend/src/Evidence.tsx
1309,24,## Creative proposals,Partial evidence/proposals,context_hub/evidence.py; frontend/src/Evidence.tsx
1311,24,Support proposals derived from evidence:,Partial evidence/proposals,context_hub/evidence.py; frontend/src/Evidence.tsx
1312,24,- proposed change,Partial evidence/proposals,context_hub/evidence.py; frontend/src/Evidence.tsx
1313,24,- source creatives/evidence,Partial evidence/proposals,context_hub/evidence.py; frontend/src/Evidence.tsx
1314,24,- rationale,Partial evidence/proposals,context_hub/evidence.py; frontend/src/Evidence.tsx
1315,24,- status,Partial evidence/proposals,context_hub/evidence.py; frontend/src/Evidence.tsx
1316,24,- accepted/rejected,Partial evidence/proposals,context_hub/evidence.py; frontend/src/Evidence.tsx
1317,24,- resulting creative link,Partial evidence/proposals,context_hub/evidence.py; frontend/src/Evidence.tsx
1319,24,---,Partial evidence/proposals,context_hub/evidence.py; frontend/src/Evidence.tsx
1321,25,# 25. CONTEXT HUB / KNOWLEDGE,Versioned context implemented,context_hub/services.py
1323,25,Implement:,Versioned context implemented,context_hub/services.py
1325,25,## ContextDocument,Versioned context implemented,context_hub/services.py
1327,25,Examples:,Versioned context implemented,context_hub/services.py
1328,25,- brand guidelines,Versioned context implemented,context_hub/services.py
1329,25,- product facts,Versioned context implemented,context_hub/services.py
1330,25,- allowed claims,Versioned context implemented,context_hub/services.py
1331,25,- forbidden claims,Versioned context implemented,context_hub/services.py
1332,25,- audience notes,Versioned context implemented,context_hub/services.py
1333,25,- tone/voice,Versioned context implemented,context_hub/services.py
1334,25,- platform rules,Versioned context implemented,context_hub/services.py
1335,25,- campaign guidance,Versioned context implemented,context_hub/services.py
1337,25,## ContextDocumentVersion,Versioned context implemented,context_hub/services.py
1339,25,Version all context edits.,Versioned context implemented,context_hub/services.py
1341,25,Statuses:,Versioned context implemented,context_hub/services.py
1343,25,```text,Versioned context implemented,context_hub/services.py
1344,25,draft,Versioned context implemented,context_hub/services.py
1345,25,approved,Versioned context implemented,context_hub/services.py
1346,25,archived,Versioned context implemented,context_hub/services.py
1347,25,```,Versioned context implemented,context_hub/services.py
1349,25,Do not mutate an approved historical version.,Versioned context implemented,context_hub/services.py
1351,25,## ContextCreativeLink / Evidence,Versioned context implemented,context_hub/services.py
1353,25,Allow approved context to be linked to creative families/creatives.,Versioned context implemented,context_hub/services.py
1355,25,Support brand scope.,Versioned context implemented,context_hub/services.py
1357,25,---,Versioned context implemented,context_hub/services.py
1359,26,# 26. AUTOMATION ENGINE,Allow-listed reactive rules; richer builder partial,automations/services.py; tests/test_domain.py
1361,26,Rebuild automation using explicit rules.,Allow-listed reactive rules; richer builder partial,automations/services.py; tests/test_domain.py
1363,26,Entities:,Allow-listed reactive rules; richer builder partial,automations/services.py; tests/test_domain.py
1365,26,- AutomationRule,Allow-listed reactive rules; richer builder partial,automations/services.py; tests/test_domain.py
1366,26,- AutomationCondition,Allow-listed reactive rules; richer builder partial,automations/services.py; tests/test_domain.py
1367,26,- AutomationAction,Allow-listed reactive rules; richer builder partial,automations/services.py; tests/test_domain.py
1368,26,- AutomationRun,Allow-listed reactive rules; richer builder partial,automations/services.py; tests/test_domain.py
1369,26,- AutomationRunStep,Allow-listed reactive rules; richer builder partial,automations/services.py; tests/test_domain.py
1371,26,Examples:,Allow-listed reactive rules; richer builder partial,automations/services.py; tests/test_domain.py
1373,26,```text,Allow-listed reactive rules; richer builder partial,automations/services.py; tests/test_domain.py
1374,26,IF request becomes ready_for_review,Allow-listed reactive rules; richer builder partial,automations/services.py; tests/test_domain.py
1375,26,THEN notify reviewers,Allow-listed reactive rules; richer builder partial,automations/services.py; tests/test_domain.py
1376,26,```,Allow-listed reactive rules; richer builder partial,automations/services.py; tests/test_domain.py
1378,26,```text,Allow-listed reactive rules; richer builder partial,automations/services.py; tests/test_domain.py
1379,26,IF creative receives fatigued signal,Allow-listed reactive rules; richer builder partial,automations/services.py; tests/test_domain.py
1380,26,THEN create refresh recommendation,Allow-listed reactive rules; richer builder partial,automations/services.py; tests/test_domain.py
1381,26,```,Allow-listed reactive rules; richer builder partial,automations/services.py; tests/test_domain.py
1383,26,```text,Allow-listed reactive rules; richer builder partial,automations/services.py; tests/test_domain.py
1384,26,IF approved version has no deployment after N days,Allow-listed reactive rules; richer builder partial,automations/services.py; tests/test_domain.py
1385,26,THEN notify Media Buyer,Allow-listed reactive rules; richer builder partial,automations/services.py; tests/test_domain.py
1386,26,```,Allow-listed reactive rules; richer builder partial,automations/services.py; tests/test_domain.py
1388,26,Safety:,Allow-listed reactive rules; richer builder partial,automations/services.py; tests/test_domain.py
1390,26,- actions must be allow-listed;,Allow-listed reactive rules; richer builder partial,automations/services.py; tests/test_domain.py
1391,26,- no arbitrary Python/eval/code execution;,Allow-listed reactive rules; richer builder partial,automations/services.py; tests/test_domain.py
1392,26,- every run recorded;,Allow-listed reactive rules; richer builder partial,automations/services.py; tests/test_domain.py
1393,26,- idempotent actions;,Allow-listed reactive rules; richer builder partial,automations/services.py; tests/test_domain.py
1394,26,- retry tracking;,Allow-listed reactive rules; richer builder partial,automations/services.py; tests/test_domain.py
1395,26,- prevent recursive loops;,Allow-listed reactive rules; richer builder partial,automations/services.py; tests/test_domain.py
1396,26,- support enabled/disabled state.,Allow-listed reactive rules; richer builder partial,automations/services.py; tests/test_domain.py
1398,26,External publishing should NOT be automatically triggered by a generic rule unless a dedicated high-safety feature is explicitly enabled and permissioned.,Allow-listed reactive rules; richer builder partial,automations/services.py; tests/test_domain.py
1400,26,---,Allow-listed reactive rules; richer builder partial,automations/services.py; tests/test_domain.py
1402,27,# 27. NOTIFICATIONS,Core notifications and deadline scan,notifications/services.py; audit/services.py
1404,27,Add a first-class in-app Notification system.,Core notifications and deadline scan,notifications/services.py; audit/services.py
1406,27,Notification types should include at least:,Core notifications and deadline scan,notifications/services.py; audit/services.py
1408,27,- new request,Core notifications and deadline scan,notifications/services.py; audit/services.py
1409,27,- assignment,Core notifications and deadline scan,notifications/services.py; audit/services.py
1410,27,- feedback,Core notifications and deadline scan,notifications/services.py; audit/services.py
1411,27,- changes requested,Core notifications and deadline scan,notifications/services.py; audit/services.py
1412,27,- ready for review,Core notifications and deadline scan,notifications/services.py; audit/services.py
1413,27,- approved,Core notifications and deadline scan,notifications/services.py; audit/services.py
1414,27,- deadline approaching,Core notifications and deadline scan,notifications/services.py; audit/services.py
1415,27,- overdue,Core notifications and deadline scan,notifications/services.py; audit/services.py
1416,27,- winner/loser/fatigue,Core notifications and deadline scan,notifications/services.py; audit/services.py
1417,27,- refresh requested,Core notifications and deadline scan,notifications/services.py; audit/services.py
1418,27,- workflow changed,Core notifications and deadline scan,notifications/services.py; audit/services.py
1419,27,- integration failure,Core notifications and deadline scan,notifications/services.py; audit/services.py
1420,27,- upload completed/failed,Core notifications and deadline scan,notifications/services.py; audit/services.py
1421,27,- publish completed/failed,Core notifications and deadline scan,notifications/services.py; audit/services.py
1423,27,Features:,Core notifications and deadline scan,notifications/services.py; audit/services.py
1425,27,- unread count,Core notifications and deadline scan,notifications/services.py; audit/services.py
1426,27,- mark read,Core notifications and deadline scan,notifications/services.py; audit/services.py
1427,27,- mark all read,Core notifications and deadline scan,notifications/services.py; audit/services.py
1428,27,- deep link,Core notifications and deadline scan,notifications/services.py; audit/services.py
1429,27,- user notification preferences,Core notifications and deadline scan,notifications/services.py; audit/services.py
1430,27,- deduplication to avoid spam,Core notifications and deadline scan,notifications/services.py; audit/services.py
1431,27,- role-aware recipients,Core notifications and deadline scan,notifications/services.py; audit/services.py
1433,27,Avoid requiring WebSockets for v1.,Core notifications and deadline scan,notifications/services.py; audit/services.py
1435,27,Efficient polling is acceptable and simplifies SQLite deployment.,Core notifications and deadline scan,notifications/services.py; audit/services.py
1437,27,---,Core notifications and deadline scan,notifications/services.py; audit/services.py
1439,28,# 28. ACTIVITY AND AUDIT LOGGING,Core immutable API audit/activity,audit; common/admin.py
1441,28,These are separate concepts.,Core immutable API audit/activity,audit; common/admin.py
1443,28,## Activity Feed,Core immutable API audit/activity,audit; common/admin.py
1445,28,Human-friendly operational events:,Core immutable API audit/activity,audit; common/admin.py
1446,28,- request created,Core immutable API audit/activity,audit; common/admin.py
1447,28,- assigned,Core immutable API audit/activity,audit; common/admin.py
1448,28,- version submitted,Core immutable API audit/activity,audit; common/admin.py
1449,28,- feedback added,Core immutable API audit/activity,audit; common/admin.py
1450,28,- approved,Core immutable API audit/activity,audit; common/admin.py
1451,28,- deployed,Core immutable API audit/activity,audit; common/admin.py
1452,28,- winner marked,Core immutable API audit/activity,audit; common/admin.py
1454,28,## AuditEvent,Core immutable API audit/activity,audit; common/admin.py
1456,28,Immutable security/business audit:,Core immutable API audit/activity,audit; common/admin.py
1458,28,- actor,Core immutable API audit/activity,audit; common/admin.py
1459,28,- workspace,Core immutable API audit/activity,audit; common/admin.py
1460,28,- action,Core immutable API audit/activity,audit; common/admin.py
1461,28,- object type,Core immutable API audit/activity,audit; common/admin.py
1462,28,- object ID,Core immutable API audit/activity,audit; common/admin.py
1463,28,- before/after summary where safe,Core immutable API audit/activity,audit; common/admin.py
1464,28,- IP,Core immutable API audit/activity,audit; common/admin.py
1465,28,- user agent,Core immutable API audit/activity,audit; common/admin.py
1466,28,- request correlation ID,Core immutable API audit/activity,audit; common/admin.py
1467,28,- timestamp,Core immutable API audit/activity,audit; common/admin.py
1469,28,Do not store secrets or giant provider payloads.,Core immutable API audit/activity,audit; common/admin.py
1471,28,Audit important:,Core immutable API audit/activity,audit; common/admin.py
1472,28,- role/membership changes,Core immutable API audit/activity,audit; common/admin.py
1473,28,- integrations,Core immutable API audit/activity,audit; common/admin.py
1474,28,- publishing,Core immutable API audit/activity,audit; common/admin.py
1475,28,- approval,Core immutable API audit/activity,audit; common/admin.py
1476,28,- outcome,Core immutable API audit/activity,audit; common/admin.py
1477,28,- deletion/archive,Core immutable API audit/activity,audit; common/admin.py
1478,28,- credential changes,Core immutable API audit/activity,audit; common/admin.py
1480,28,---,Core immutable API audit/activity,audit; common/admin.py
1482,29,# 29. UTM BUILDER,Implemented and tested,frontend/src/App.tsx; App.test.tsx
1484,29,Preserve UTM Builder.,Implemented and tested,frontend/src/App.tsx; App.test.tsx
1486,29,Fields:,Implemented and tested,frontend/src/App.tsx; App.test.tsx
1488,29,- base URL,Implemented and tested,frontend/src/App.tsx; App.test.tsx
1489,29,- source,Implemented and tested,frontend/src/App.tsx; App.test.tsx
1490,29,- medium,Implemented and tested,frontend/src/App.tsx; App.test.tsx
1491,29,- campaign,Implemented and tested,frontend/src/App.tsx; App.test.tsx
1492,29,- term,Implemented and tested,frontend/src/App.tsx; App.test.tsx
1493,29,- content,Implemented and tested,frontend/src/App.tsx; App.test.tsx
1495,29,Features:,Implemented and tested,frontend/src/App.tsx; App.test.tsx
1497,29,- validation,Implemented and tested,frontend/src/App.tsx; App.test.tsx
1498,29,- encoding,Implemented and tested,frontend/src/App.tsx; App.test.tsx
1499,29,- copy result,Implemented and tested,frontend/src/App.tsx; App.test.tsx
1500,29,- optional history linked to Campaign/Deployment,Implemented and tested,frontend/src/App.tsx; App.test.tsx
1501,29,- workspace naming conventions,Implemented and tested,frontend/src/App.tsx; App.test.tsx
1503,29,---,Implemented and tested,frontend/src/App.tsx; App.test.tsx
1505,30,# 30. DASHBOARDS,Real counts; role-specific summaries partial,OverviewView; frontend/src/App.tsx
1507,30,Provide role-specific dashboards.,Real counts; role-specific summaries partial,OverviewView; frontend/src/App.tsx
1509,30,## Manager,Real counts; role-specific summaries partial,OverviewView; frontend/src/App.tsx
1510,30,- open requests,Real counts; role-specific summaries partial,OverviewView; frontend/src/App.tsx
1511,30,- work in production,Real counts; role-specific summaries partial,OverviewView; frontend/src/App.tsx
1512,30,- review queue,Real counts; role-specific summaries partial,OverviewView; frontend/src/App.tsx
1513,30,- overdue,Real counts; role-specific summaries partial,OverviewView; frontend/src/App.tsx
1514,30,- approved this period,Real counts; role-specific summaries partial,OverviewView; frontend/src/App.tsx
1515,30,- publish failures,Real counts; role-specific summaries partial,OverviewView; frontend/src/App.tsx
1516,30,- integration failures,Real counts; role-specific summaries partial,OverviewView; frontend/src/App.tsx
1517,30,- winners/fatigued,Real counts; role-specific summaries partial,OverviewView; frontend/src/App.tsx
1518,30,- team workload,Real counts; role-specific summaries partial,OverviewView; frontend/src/App.tsx
1520,30,## Media Buyer,Real counts; role-specific summaries partial,OverviewView; frontend/src/App.tsx
1521,30,- requests created,Real counts; role-specific summaries partial,OverviewView; frontend/src/App.tsx
1522,30,- approved but undeployed,Real counts; role-specific summaries partial,OverviewView; frontend/src/App.tsx
1523,30,- deployments,Real counts; role-specific summaries partial,OverviewView; frontend/src/App.tsx
1524,30,- last performance sync,Real counts; role-specific summaries partial,OverviewView; frontend/src/App.tsx
1525,30,- top performance table,Real counts; role-specific summaries partial,OverviewView; frontend/src/App.tsx
1526,30,- fatigue signals,Real counts; role-specific summaries partial,OverviewView; frontend/src/App.tsx
1527,30,- experiments,Real counts; role-specific summaries partial,OverviewView; frontend/src/App.tsx
1529,30,## Editor,Real counts; role-specific summaries partial,OverviewView; frontend/src/App.tsx
1530,30,- My Tasks,Real counts; role-specific summaries partial,OverviewView; frontend/src/App.tsx
1531,30,- due today,Real counts; role-specific summaries partial,OverviewView; frontend/src/App.tsx
1532,30,- changes requested,Real counts; role-specific summaries partial,OverviewView; frontend/src/App.tsx
1533,30,- submitted items,Real counts; role-specific summaries partial,OverviewView; frontend/src/App.tsx
1534,30,- recent feedback,Real counts; role-specific summaries partial,OverviewView; frontend/src/App.tsx
1536,30,## Reviewer,Real counts; role-specific summaries partial,OverviewView; frontend/src/App.tsx
1537,30,- waiting for review,Real counts; role-specific summaries partial,OverviewView; frontend/src/App.tsx
1538,30,- aging review queue,Real counts; role-specific summaries partial,OverviewView; frontend/src/App.tsx
1539,30,- recently reviewed,Real counts; role-specific summaries partial,OverviewView; frontend/src/App.tsx
1541,30,## Requester,Real counts; role-specific summaries partial,OverviewView; frontend/src/App.tsx
1542,30,- own requests,Real counts; role-specific summaries partial,OverviewView; frontend/src/App.tsx
1543,30,- status,Real counts; role-specific summaries partial,OverviewView; frontend/src/App.tsx
1544,30,- delivery progress,Real counts; role-specific summaries partial,OverviewView; frontend/src/App.tsx
1545,30,- due dates,Real counts; role-specific summaries partial,OverviewView; frontend/src/App.tsx
1547,30,## Viewer,Real counts; role-specific summaries partial,OverviewView; frontend/src/App.tsx
1548,30,- library summary/read-only,Real counts; role-specific summaries partial,OverviewView; frontend/src/App.tsx
1550,30,No fake KPI numbers.,Real counts; role-specific summaries partial,OverviewView; frontend/src/App.tsx
1552,30,---,Real counts; role-specific summaries partial,OverviewView; frontend/src/App.tsx
1554,31,# 31. SEARCH,Scoped fallback search implemented,SearchView; tests/test_api.py
1556,31,Implement global scoped search across:,Scoped fallback search implemented,SearchView; tests/test_api.py
1558,31,- requests,Scoped fallback search implemented,SearchView; tests/test_api.py
1559,31,- deliverables,Scoped fallback search implemented,SearchView; tests/test_api.py
1560,31,- creatives,Scoped fallback search implemented,SearchView; tests/test_api.py
1561,31,- creative versions,Scoped fallback search implemented,SearchView; tests/test_api.py
1562,31,- products,Scoped fallback search implemented,SearchView; tests/test_api.py
1563,31,- campaigns,Scoped fallback search implemented,SearchView; tests/test_api.py
1564,31,- clips,Scoped fallback search implemented,SearchView; tests/test_api.py
1565,31,- context,Scoped fallback search implemented,SearchView; tests/test_api.py
1566,31,- content index,Scoped fallback search implemented,SearchView; tests/test_api.py
1567,31,- Drive file metadata,Scoped fallback search implemented,SearchView; tests/test_api.py
1569,31,Results must respect workspace/brand permissions.,Scoped fallback search implemented,SearchView; tests/test_api.py
1571,31,---,Scoped fallback search implemented,SearchView; tests/test_api.py
1573,32,# 32. FRONTEND UX REQUIREMENTS,Responsive core UI browser-tested; advanced editors partial,frontend/src; e2e/journeys.spec.ts
1575,32,"The old module should be treated as functional reference, not as a visual template.",Responsive core UI browser-tested; advanced editors partial,frontend/src; e2e/journeys.spec.ts
1577,32,Build a modern SaaS interface.,Responsive core UI browser-tested; advanced editors partial,frontend/src; e2e/journeys.spec.ts
1579,32,Principles:,Responsive core UI browser-tested; advanced editors partial,frontend/src; e2e/journeys.spec.ts
1581,32,- mobile-first;,Responsive core UI browser-tested; advanced editors partial,frontend/src; e2e/journeys.spec.ts
1582,32,- responsive;,Responsive core UI browser-tested; advanced editors partial,frontend/src; e2e/journeys.spec.ts
1583,32,- Arabic RTL is first-class;,Responsive core UI browser-tested; advanced editors partial,frontend/src; e2e/journeys.spec.ts
1584,32,- English/French LTR;,Responsive core UI browser-tested; advanced editors partial,frontend/src; e2e/journeys.spec.ts
1585,32,- no horizontal overflow;,Responsive core UI browser-tested; advanced editors partial,frontend/src; e2e/journeys.spec.ts
1586,32,- clear typography;,Responsive core UI browser-tested; advanced editors partial,frontend/src; e2e/journeys.spec.ts
1587,32,- compact but readable;,Responsive core UI browser-tested; advanced editors partial,frontend/src; e2e/journeys.spec.ts
1588,32,- one dominant next action per workflow state;,Responsive core UI browser-tested; advanced editors partial,frontend/src; e2e/journeys.spec.ts
1589,32,- progressive disclosure;,Responsive core UI browser-tested; advanced editors partial,frontend/src; e2e/journeys.spec.ts
1590,32,- avoid giant forms;,Responsive core UI browser-tested; advanced editors partial,frontend/src; e2e/journeys.spec.ts
1591,32,- sticky action areas only when useful;,Responsive core UI browser-tested; advanced editors partial,frontend/src; e2e/journeys.spec.ts
1592,32,- clear empty states;,Responsive core UI browser-tested; advanced editors partial,frontend/src; e2e/journeys.spec.ts
1593,32,- clear error recovery;,Responsive core UI browser-tested; advanced editors partial,frontend/src; e2e/journeys.spec.ts
1594,32,- skeleton/loading states;,Responsive core UI browser-tested; advanced editors partial,frontend/src; e2e/journeys.spec.ts
1595,32,- accessible form labels and keyboard navigation;,Responsive core UI browser-tested; advanced editors partial,frontend/src; e2e/journeys.spec.ts
1596,32,- confirmation for destructive/high-impact actions.,Responsive core UI browser-tested; advanced editors partial,frontend/src; e2e/journeys.spec.ts
1598,32,Main navigation:,Responsive core UI browser-tested; advanced editors partial,frontend/src; e2e/journeys.spec.ts
1600,32,```text,Responsive core UI browser-tested; advanced editors partial,frontend/src; e2e/journeys.spec.ts
1601,32,Overview,Responsive core UI browser-tested; advanced editors partial,frontend/src; e2e/journeys.spec.ts
1602,32,Board,Responsive core UI browser-tested; advanced editors partial,frontend/src; e2e/journeys.spec.ts
1603,32,Requests,Responsive core UI browser-tested; advanced editors partial,frontend/src; e2e/journeys.spec.ts
1604,32,My Tasks,Responsive core UI browser-tested; advanced editors partial,frontend/src; e2e/journeys.spec.ts
1605,32,Creative Library,Responsive core UI browser-tested; advanced editors partial,frontend/src; e2e/journeys.spec.ts
1606,32,Search,Responsive core UI browser-tested; advanced editors partial,frontend/src; e2e/journeys.spec.ts
1607,32,Context,Responsive core UI browser-tested; advanced editors partial,frontend/src; e2e/journeys.spec.ts
1608,32,UTM Builder,Responsive core UI browser-tested; advanced editors partial,frontend/src; e2e/journeys.spec.ts
1609,32,Activity,Responsive core UI browser-tested; advanced editors partial,frontend/src; e2e/journeys.spec.ts
1610,32,Operations,Responsive core UI browser-tested; advanced editors partial,frontend/src; e2e/journeys.spec.ts
1611,32,Automations,Responsive core UI browser-tested; advanced editors partial,frontend/src; e2e/journeys.spec.ts
1612,32,Integrations,Responsive core UI browser-tested; advanced editors partial,frontend/src; e2e/journeys.spec.ts
1613,32,Catalog,Responsive core UI browser-tested; advanced editors partial,frontend/src; e2e/journeys.spec.ts
1614,32,Administration,Responsive core UI browser-tested; advanced editors partial,frontend/src; e2e/journeys.spec.ts
1615,32,```,Responsive core UI browser-tested; advanced editors partial,frontend/src; e2e/journeys.spec.ts
1617,32,Navigation is permission-aware.,Responsive core UI browser-tested; advanced editors partial,frontend/src; e2e/journeys.spec.ts
1619,32,"Create a mobile navigation solution, not merely a collapsed desktop sidebar.",Responsive core UI browser-tested; advanced editors partial,frontend/src; e2e/journeys.spec.ts
1621,32,---,Responsive core UI browser-tested; advanced editors partial,frontend/src; e2e/journeys.spec.ts
1623,33,# 33. INTERNATIONALIZATION,Partial advanced translation coverage,frontend/src/i18n.tsx; KNOWN_LIMITATIONS.md
1625,33,Support:,Partial advanced translation coverage,frontend/src/i18n.tsx; KNOWN_LIMITATIONS.md
1627,33,- Arabic (`ar`) — RTL,Partial advanced translation coverage,frontend/src/i18n.tsx; KNOWN_LIMITATIONS.md
1628,33,- English (`en`),Partial advanced translation coverage,frontend/src/i18n.tsx; KNOWN_LIMITATIONS.md
1629,33,- French (`fr`),Partial advanced translation coverage,frontend/src/i18n.tsx; KNOWN_LIMITATIONS.md
1631,33,Backend and frontend should use translatable keys.,Partial advanced translation coverage,frontend/src/i18n.tsx; KNOWN_LIMITATIONS.md
1633,33,No hard-coded English scattered through React components.,Partial advanced translation coverage,frontend/src/i18n.tsx; KNOWN_LIMITATIONS.md
1635,33,Provide locale switcher and persist preference in UserProfile.,Partial advanced translation coverage,frontend/src/i18n.tsx; KNOWN_LIMITATIONS.md
1637,33,Dates/numbers should render according to locale where practical.,Partial advanced translation coverage,frontend/src/i18n.tsx; KNOWN_LIMITATIONS.md
1639,33,---,Partial advanced translation coverage,frontend/src/i18n.tsx; KNOWN_LIMITATIONS.md
1641,34,# 34. BACKGROUND JOBS WHILE KEEPING SQLITE,Queue/claim/retry implemented; long-sync heartbeat gap,common/jobs.py; tests/test_domain.py
1643,34,This platform has long-running operations:,Queue/claim/retry implemented; long-sync heartbeat gap,common/jobs.py; tests/test_domain.py
1645,34,- Drive upload,Queue/claim/retry implemented; long-sync heartbeat gap,common/jobs.py; tests/test_domain.py
1646,34,- Drive sync,Queue/claim/retry implemented; long-sync heartbeat gap,common/jobs.py; tests/test_domain.py
1647,34,- YouTube upload,Queue/claim/retry implemented; long-sync heartbeat gap,common/jobs.py; tests/test_domain.py
1648,34,- provider performance sync,Queue/claim/retry implemented; long-sync heartbeat gap,common/jobs.py; tests/test_domain.py
1649,34,- publishing,Queue/claim/retry implemented; long-sync heartbeat gap,common/jobs.py; tests/test_domain.py
1650,34,- automation runs,Queue/claim/retry implemented; long-sync heartbeat gap,common/jobs.py; tests/test_domain.py
1651,34,- media metadata extraction,Queue/claim/retry implemented; long-sync heartbeat gap,common/jobs.py; tests/test_domain.py
1653,34,Do not execute long external operations inside normal web requests.,Queue/claim/retry implemented; long-sync heartbeat gap,common/jobs.py; tests/test_domain.py
1655,34,"For this SQLite-first deployment, implement a lightweight internal Job system.",Queue/claim/retry implemented; long-sync heartbeat gap,common/jobs.py; tests/test_domain.py
1657,34,## Job model,Queue/claim/retry implemented; long-sync heartbeat gap,common/jobs.py; tests/test_domain.py
1659,34,- type,Queue/claim/retry implemented; long-sync heartbeat gap,common/jobs.py; tests/test_domain.py
1660,34,- payload JSON,Queue/claim/retry implemented; long-sync heartbeat gap,common/jobs.py; tests/test_domain.py
1661,34,- status,Queue/claim/retry implemented; long-sync heartbeat gap,common/jobs.py; tests/test_domain.py
1662,34,- priority,Queue/claim/retry implemented; long-sync heartbeat gap,common/jobs.py; tests/test_domain.py
1663,34,- attempts,Queue/claim/retry implemented; long-sync heartbeat gap,common/jobs.py; tests/test_domain.py
1664,34,- max attempts,Queue/claim/retry implemented; long-sync heartbeat gap,common/jobs.py; tests/test_domain.py
1665,34,- available_at,Queue/claim/retry implemented; long-sync heartbeat gap,common/jobs.py; tests/test_domain.py
1666,34,- claimed_at,Queue/claim/retry implemented; long-sync heartbeat gap,common/jobs.py; tests/test_domain.py
1667,34,- heartbeat_at,Queue/claim/retry implemented; long-sync heartbeat gap,common/jobs.py; tests/test_domain.py
1668,34,- completed_at,Queue/claim/retry implemented; long-sync heartbeat gap,common/jobs.py; tests/test_domain.py
1669,34,- failed_at,Queue/claim/retry implemented; long-sync heartbeat gap,common/jobs.py; tests/test_domain.py
1670,34,- last_error,Queue/claim/retry implemented; long-sync heartbeat gap,common/jobs.py; tests/test_domain.py
1671,34,- idempotency_key,Queue/claim/retry implemented; long-sync heartbeat gap,common/jobs.py; tests/test_domain.py
1672,34,- workspace,Queue/claim/retry implemented; long-sync heartbeat gap,common/jobs.py; tests/test_domain.py
1673,34,- created_by,Queue/claim/retry implemented; long-sync heartbeat gap,common/jobs.py; tests/test_domain.py
1675,34,## Worker,Queue/claim/retry implemented; long-sync heartbeat gap,common/jobs.py; tests/test_domain.py
1677,34,"Implement a management command, e.g.:",Queue/claim/retry implemented; long-sync heartbeat gap,common/jobs.py; tests/test_domain.py
1679,34,```bash,Queue/claim/retry implemented; long-sync heartbeat gap,common/jobs.py; tests/test_domain.py
1680,34,python manage.py run_worker,Queue/claim/retry implemented; long-sync heartbeat gap,common/jobs.py; tests/test_domain.py
1681,34,```,Queue/claim/retry implemented; long-sync heartbeat gap,common/jobs.py; tests/test_domain.py
1683,34,Requirements:,Queue/claim/retry implemented; long-sync heartbeat gap,common/jobs.py; tests/test_domain.py
1685,34,- single production worker by default for SQLite;,Queue/claim/retry implemented; long-sync heartbeat gap,common/jobs.py; tests/test_domain.py
1686,34,- atomic claim;,Queue/claim/retry implemented; long-sync heartbeat gap,common/jobs.py; tests/test_domain.py
1687,34,- retries;,Queue/claim/retry implemented; long-sync heartbeat gap,common/jobs.py; tests/test_domain.py
1688,34,- exponential backoff;,Queue/claim/retry implemented; long-sync heartbeat gap,common/jobs.py; tests/test_domain.py
1689,34,- stale job recovery;,Queue/claim/retry implemented; long-sync heartbeat gap,common/jobs.py; tests/test_domain.py
1690,34,- graceful shutdown;,Queue/claim/retry implemented; long-sync heartbeat gap,common/jobs.py; tests/test_domain.py
1691,34,- idempotent handlers;,Queue/claim/retry implemented; long-sync heartbeat gap,common/jobs.py; tests/test_domain.py
1692,34,- logs/correlation ID.,Queue/claim/retry implemented; long-sync heartbeat gap,common/jobs.py; tests/test_domain.py
1694,34,Architect the queue behind an interface so Redis/Celery/Dramatiq can replace it later without rewriting domain services.,Queue/claim/retry implemented; long-sync heartbeat gap,common/jobs.py; tests/test_domain.py
1696,34,Do not use SQLite on an NFS/network filesystem.,Queue/claim/retry implemented; long-sync heartbeat gap,common/jobs.py; tests/test_domain.py
1698,34,---,Queue/claim/retry implemented; long-sync heartbeat gap,common/jobs.py; tests/test_domain.py
1700,35,# 35. SQLITE PRODUCTION HARDENING,SQLite hardening and recovery verified,config/settings.py; BACKUP_RESTORE.md
1702,35,The user explicitly requested SQLite.,SQLite hardening and recovery verified,config/settings.py; BACKUP_RESTORE.md
1704,35,Use it responsibly:,SQLite hardening and recovery verified,config/settings.py; BACKUP_RESTORE.md
1706,35,- enable WAL mode at application startup/connection configuration where safe;,SQLite hardening and recovery verified,config/settings.py; BACKUP_RESTORE.md
1707,35,- configure a reasonable busy timeout;,SQLite hardening and recovery verified,config/settings.py; BACKUP_RESTORE.md
1708,35,- short transactions;,SQLite hardening and recovery verified,config/settings.py; BACKUP_RESTORE.md
1709,35,- do not keep DB transactions open during external HTTP calls;,SQLite hardening and recovery verified,config/settings.py; BACKUP_RESTORE.md
1710,35,- use one background worker by default;,SQLite hardening and recovery verified,config/settings.py; BACKUP_RESTORE.md
1711,35,- index frequent filters;,SQLite hardening and recovery verified,config/settings.py; BACKUP_RESTORE.md
1712,35,- persistent local disk/volume;,SQLite hardening and recovery verified,config/settings.py; BACKUP_RESTORE.md
1713,35,- automated backups;,SQLite hardening and recovery verified,config/settings.py; BACKUP_RESTORE.md
1714,35,- integrity-check documentation.,SQLite hardening and recovery verified,config/settings.py; BACKUP_RESTORE.md
1716,35,Add documented commands:,SQLite hardening and recovery verified,config/settings.py; BACKUP_RESTORE.md
1718,35,```bash,SQLite hardening and recovery verified,config/settings.py; BACKUP_RESTORE.md
1719,35,python manage.py backup_database,SQLite hardening and recovery verified,config/settings.py; BACKUP_RESTORE.md
1720,35,python manage.py restore_database ...,SQLite hardening and recovery verified,config/settings.py; BACKUP_RESTORE.md
1721,35,python manage.py check,SQLite hardening and recovery verified,config/settings.py; BACKUP_RESTORE.md
1722,35,```,SQLite hardening and recovery verified,config/settings.py; BACKUP_RESTORE.md
1724,35,A backup must include:,SQLite hardening and recovery verified,config/settings.py; BACKUP_RESTORE.md
1725,35,- SQLite DB,SQLite hardening and recovery verified,config/settings.py; BACKUP_RESTORE.md
1726,35,- local media/temp files if production uses them,SQLite hardening and recovery verified,config/settings.py; BACKUP_RESTORE.md
1727,35,- encryption key backup instructions (never embed key in backup logs),SQLite hardening and recovery verified,config/settings.py; BACKUP_RESTORE.md
1729,35,"Google Drive assets themselves do not need to be duplicated into the DB backup, but Drive IDs and metadata do.",SQLite hardening and recovery verified,config/settings.py; BACKUP_RESTORE.md
1731,35,---,SQLite hardening and recovery verified,config/settings.py; BACKUP_RESTORE.md
1733,36,# 36. SECURITY,Core controls tested; production security acceptance pending,SECURITY.md; dependency-audit-*.json
1735,36,Required production controls:,Core controls tested; production security acceptance pending,SECURITY.md; dependency-audit-*.json
1737,36,- `DEBUG=False`,Core controls tested; production security acceptance pending,SECURITY.md; dependency-audit-*.json
1738,36,- strong `SECRET_KEY`,Core controls tested; production security acceptance pending,SECURITY.md; dependency-audit-*.json
1739,36,- separate `APP_ENCRYPTION_KEY`,Core controls tested; production security acceptance pending,SECURITY.md; dependency-audit-*.json
1740,36,- allowed hosts,Core controls tested; production security acceptance pending,SECURITY.md; dependency-audit-*.json
1741,36,- trusted CSRF origins,Core controls tested; production security acceptance pending,SECURITY.md; dependency-audit-*.json
1742,36,- HTTPS,Core controls tested; production security acceptance pending,SECURITY.md; dependency-audit-*.json
1743,36,- secure cookies,Core controls tested; production security acceptance pending,SECURITY.md; dependency-audit-*.json
1744,36,- HSTS when HTTPS configuration is verified,Core controls tested; production security acceptance pending,SECURITY.md; dependency-audit-*.json
1745,36,- clickjacking protection,Core controls tested; production security acceptance pending,SECURITY.md; dependency-audit-*.json
1746,36,- MIME validation for uploads,Core controls tested; production security acceptance pending,SECURITY.md; dependency-audit-*.json
1747,36,- file size limits,Core controls tested; production security acceptance pending,SECURITY.md; dependency-audit-*.json
1748,36,- filename sanitization,Core controls tested; production security acceptance pending,SECURITY.md; dependency-audit-*.json
1749,36,- authorization on every object read/write,Core controls tested; production security acceptance pending,SECURITY.md; dependency-audit-*.json
1750,36,- provider timeout configuration,Core controls tested; production security acceptance pending,SECURITY.md; dependency-audit-*.json
1751,36,- retry limits,Core controls tested; production security acceptance pending,SECURITY.md; dependency-audit-*.json
1752,36,- SSRF-safe URL validation where server fetches are used,Core controls tested; production security acceptance pending,SECURITY.md; dependency-audit-*.json
1753,36,- destination URL validation,Core controls tested; production security acceptance pending,SECURITY.md; dependency-audit-*.json
1754,36,- no secrets in logs,Core controls tested; production security acceptance pending,SECURITY.md; dependency-audit-*.json
1755,36,- sanitized provider errors,Core controls tested; production security acceptance pending,SECURITY.md; dependency-audit-*.json
1756,36,- dependency audit,Core controls tested; production security acceptance pending,SECURITY.md; dependency-audit-*.json
1757,36,- CSP where practical,Core controls tested; production security acceptance pending,SECURITY.md; dependency-audit-*.json
1758,36,- rate limiting for login and sensitive endpoints,Core controls tested; production security acceptance pending,SECURITY.md; dependency-audit-*.json
1759,36,- server-side validation even if React validates too,Core controls tested; production security acceptance pending,SECURITY.md; dependency-audit-*.json
1761,36,Do not deserialize arbitrary Python objects.,Core controls tested; production security acceptance pending,SECURITY.md; dependency-audit-*.json
1763,36,Do not use `eval`.,Core controls tested; production security acceptance pending,SECURITY.md; dependency-audit-*.json
1765,36,Do not execute user-provided automation code.,Core controls tested; production security acceptance pending,SECURITY.md; dependency-audit-*.json
1767,36,---,Core controls tested; production security acceptance pending,SECURITY.md; dependency-audit-*.json
1769,37,# 37. API DESIGN,Scoped REST API implemented,config/urls.py; common/views.py
1771,37,Use `/api/v1/`.,Scoped REST API implemented,config/urls.py; common/views.py
1773,37,Use RESTful resources with domain actions only when they represent real workflow transitions.,Scoped REST API implemented,config/urls.py; common/views.py
1775,37,Examples:,Scoped REST API implemented,config/urls.py; common/views.py
1777,37,```text,Scoped REST API implemented,config/urls.py; common/views.py
1778,37,/api/v1/auth/session,Scoped REST API implemented,config/urls.py; common/views.py
1779,37,/api/v1/me,Scoped REST API implemented,config/urls.py; common/views.py
1780,37,/api/v1/users,Scoped REST API implemented,config/urls.py; common/views.py
1781,37,/api/v1/workspaces,Scoped REST API implemented,config/urls.py; common/views.py
1782,37,/api/v1/workspaces/{id}/members,Scoped REST API implemented,config/urls.py; common/views.py
1783,37,/api/v1/brands,Scoped REST API implemented,config/urls.py; common/views.py
1784,37,/api/v1/products,Scoped REST API implemented,config/urls.py; common/views.py
1785,37,/api/v1/campaigns,Scoped REST API implemented,config/urls.py; common/views.py
1787,37,/api/v1/requests,Scoped REST API implemented,config/urls.py; common/views.py
1788,37,/api/v1/requests/{id},Scoped REST API implemented,config/urls.py; common/views.py
1789,37,/api/v1/requests/{id}/deliverables,Scoped REST API implemented,config/urls.py; common/views.py
1790,37,/api/v1/requests/{id}/assign,Scoped REST API implemented,config/urls.py; common/views.py
1791,37,/api/v1/requests/{id}/start-production,Scoped REST API implemented,config/urls.py; common/views.py
1793,37,/api/v1/creatives,Scoped REST API implemented,config/urls.py; common/views.py
1794,37,/api/v1/creatives/{id},Scoped REST API implemented,config/urls.py; common/views.py
1795,37,/api/v1/creatives/{id}/versions,Scoped REST API implemented,config/urls.py; common/views.py
1796,37,/api/v1/creatives/{id}/comments,Scoped REST API implemented,config/urls.py; common/views.py
1797,37,/api/v1/creatives/{id}/submit,Scoped REST API implemented,config/urls.py; common/views.py
1798,37,/api/v1/creatives/{id}/approve,Scoped REST API implemented,config/urls.py; common/views.py
1799,37,/api/v1/creatives/{id}/request-changes,Scoped REST API implemented,config/urls.py; common/views.py
1801,37,/api/v1/storage/connections,Scoped REST API implemented,config/urls.py; common/views.py
1802,37,/api/v1/storage/connections/{id}/sync,Scoped REST API implemented,config/urls.py; common/views.py
1803,37,/api/v1/storage/drive/uploads,Scoped REST API implemented,config/urls.py; common/views.py
1804,37,/api/v1/storage/objects,Scoped REST API implemented,config/urls.py; common/views.py
1806,37,/api/v1/deployments,Scoped REST API implemented,config/urls.py; common/views.py
1807,37,/api/v1/performance,Scoped REST API implemented,config/urls.py; common/views.py
1808,37,/api/v1/experiments,Scoped REST API implemented,config/urls.py; common/views.py
1809,37,/api/v1/automations,Scoped REST API implemented,config/urls.py; common/views.py
1810,37,/api/v1/context,Scoped REST API implemented,config/urls.py; common/views.py
1811,37,/api/v1/notifications,Scoped REST API implemented,config/urls.py; common/views.py
1812,37,/api/v1/audit,Scoped REST API implemented,config/urls.py; common/views.py
1813,37,```,Scoped REST API implemented,config/urls.py; common/views.py
1815,37,Use pagination consistently.,Scoped REST API implemented,config/urls.py; common/views.py
1817,37,Return structured validation errors.,Scoped REST API implemented,config/urls.py; common/views.py
1819,37,Use correlation/request IDs.,Scoped REST API implemented,config/urls.py; common/views.py
1821,37,Avoid endpoints that expose unscoped global data.,Scoped REST API implemented,config/urls.py; common/views.py
1823,37,---,Scoped REST API implemented,config/urls.py; common/views.py
1825,38,# 38. DATA MODEL INVARIANTS,Important invariant tests; not exhaustive,backend/tests; FINAL_QA_REPORT.md
1827,38,Codex must encode and test important invariants.,Important invariant tests; not exhaustive,backend/tests; FINAL_QA_REPORT.md
1829,38,At minimum:,Important invariant tests; not exhaustive,backend/tests; FINAL_QA_REPORT.md
1831,38,1. A workspace member cannot access another workspace’s records.,Important invariant tests; not exhaustive,backend/tests; FINAL_QA_REPORT.md
1832,38,2. Brand-restricted members only see allowed brands.,Important invariant tests; not exhaustive,backend/tests; FINAL_QA_REPORT.md
1833,38,3. CreativeVersion number is unique per creative.,Important invariant tests; not exhaustive,backend/tests; FINAL_QA_REPORT.md
1834,38,4. Approved/published versions are never silently overwritten.,Important invariant tests; not exhaustive,backend/tests; FINAL_QA_REPORT.md
1835,38,5. Publishing requires an approved eligible version.,Important invariant tests; not exhaustive,backend/tests; FINAL_QA_REPORT.md
1836,38,6. Publishing requires a resolvable active master asset.,Important invariant tests; not exhaustive,backend/tests; FINAL_QA_REPORT.md
1837,38,7. External provider success requires confirmed provider response.,Important invariant tests; not exhaustive,backend/tests; FINAL_QA_REPORT.md
1838,38,"8. Drive object identity uses connection + external file ID, not filename.",Important invariant tests; not exhaustive,backend/tests; FINAL_QA_REPORT.md
1839,38,"9. Folder relationships use Drive folder IDs, not only path strings.",Important invariant tests; not exhaustive,backend/tests; FINAL_QA_REPORT.md
1840,38,10. Performance snapshots are time-stamped and historical.,Important invariant tests; not exhaustive,backend/tests; FINAL_QA_REPORT.md
1841,38,11. Outcome changes append history.,Important invariant tests; not exhaustive,backend/tests; FINAL_QA_REPORT.md
1842,38,12. Experiment arms cannot reference inaccessible creatives.,Important invariant tests; not exhaustive,backend/tests; FINAL_QA_REPORT.md
1843,38,13. Source material usage is traceable.,Important invariant tests; not exhaustive,backend/tests; FINAL_QA_REPORT.md
1844,38,14. All permission changes are audited.,Important invariant tests; not exhaustive,backend/tests; FINAL_QA_REPORT.md
1845,38,15. OAuth credentials never appear in normal API serializers.,Important invariant tests; not exhaustive,backend/tests; FINAL_QA_REPORT.md
1846,38,16. Background jobs are idempotent.,Important invariant tests; not exhaustive,backend/tests; FINAL_QA_REPORT.md
1847,38,17. A retry cannot create duplicate external publications if the provider supports idempotent resolution.,Important invariant tests; not exhaustive,backend/tests; FINAL_QA_REPORT.md
1848,38,18. Hard deletion of business history is restricted.,Important invariant tests; not exhaustive,backend/tests; FINAL_QA_REPORT.md
1849,38,19. Every workflow transition validates the current state.,Important invariant tests; not exhaustive,backend/tests; FINAL_QA_REPORT.md
1850,38,20. Test providers never load in production provider registry.,Important invariant tests; not exhaustive,backend/tests; FINAL_QA_REPORT.md
1852,38,---,Important invariant tests; not exhaustive,backend/tests; FINAL_QA_REPORT.md
1854,39,# 39. LEGACY IMPORT / MIGRATION,Conservative partial importer tested,common/legacy.py; LEGACY_IMPORT.md
1856,39,Add an optional migration tool so data from the old PHP CreativeManager can be brought into the new system.,Conservative partial importer tested,common/legacy.py; LEGACY_IMPORT.md
1858,39,Preferred management command:,Conservative partial importer tested,common/legacy.py; LEGACY_IMPORT.md
1860,39,```bash,Conservative partial importer tested,common/legacy.py; LEGACY_IMPORT.md
1861,39,python manage.py import_legacy_creativemanager --database /path/to/old.sqlite --dry-run,Conservative partial importer tested,common/legacy.py; LEGACY_IMPORT.md
1862,39,```,Conservative partial importer tested,common/legacy.py; LEGACY_IMPORT.md
1864,39,and then:,Conservative partial importer tested,common/legacy.py; LEGACY_IMPORT.md
1866,39,```bash,Conservative partial importer tested,common/legacy.py; LEGACY_IMPORT.md
1867,39,python manage.py import_legacy_creativemanager --database /path/to/old.sqlite,Conservative partial importer tested,common/legacy.py; LEGACY_IMPORT.md
1868,39,```,Conservative partial importer tested,common/legacy.py; LEGACY_IMPORT.md
1870,39,Requirements:,Conservative partial importer tested,common/legacy.py; LEGACY_IMPORT.md
1872,39,- dry run;,Conservative partial importer tested,common/legacy.py; LEGACY_IMPORT.md
1873,39,- validation report;,Conservative partial importer tested,common/legacy.py; LEGACY_IMPORT.md
1874,39,- counts per table/entity;,Conservative partial importer tested,common/legacy.py; LEGACY_IMPORT.md
1875,39,- orphan report;,Conservative partial importer tested,common/legacy.py; LEGACY_IMPORT.md
1876,39,- duplicate report;,Conservative partial importer tested,common/legacy.py; LEGACY_IMPORT.md
1877,39,- transaction per safe batch;,Conservative partial importer tested,common/legacy.py; LEGACY_IMPORT.md
1878,39,- resumable/checkpointed import where practical;,Conservative partial importer tested,common/legacy.py; LEGACY_IMPORT.md
1879,39,- mapping table from legacy IDs to new UUIDs;,Conservative partial importer tested,common/legacy.py; LEGACY_IMPORT.md
1880,39,- never modify source DB;,Conservative partial importer tested,common/legacy.py; LEGACY_IMPORT.md
1881,39,- import audit record.,Conservative partial importer tested,common/legacy.py; LEGACY_IMPORT.md
1883,39,Map legacy `in_review` safely rather than creating an invalid new status; determine context and map to `submitted` / request `ready_for_review`.,Conservative partial importer tested,common/legacy.py; LEGACY_IMPORT.md
1885,39,Import Drive IDs/tokens only if they can be transferred securely and semantically; otherwise require reconnection and preserve non-secret external IDs.,Conservative partial importer tested,common/legacy.py; LEGACY_IMPORT.md
1887,39,Do not import corrupted records silently.,Conservative partial importer tested,common/legacy.py; LEGACY_IMPORT.md
1889,39,Create a final migration report.,Conservative partial importer tested,common/legacy.py; LEGACY_IMPORT.md
1891,39,---,Conservative partial importer tested,common/legacy.py; LEGACY_IMPORT.md
1893,40,# 40. SEED / DEMO DATA,Demo command tested; no live connections,seed_demo.py
1895,40,Provide:,Demo command tested; no live connections,seed_demo.py
1897,40,```bash,Demo command tested; no live connections,seed_demo.py
1898,40,python manage.py seed_demo,Demo command tested; no live connections,seed_demo.py
1899,40,```,Demo command tested; no live connections,seed_demo.py
1901,40,Create:,Demo command tested; no live connections,seed_demo.py
1903,40,- demo workspace,Demo command tested; no live connections,seed_demo.py
1904,40,- demo brand,Demo command tested; no live connections,seed_demo.py
1905,40,- products,Demo command tested; no live connections,seed_demo.py
1906,40,- campaign,Demo command tested; no live connections,seed_demo.py
1907,40,- users for each role,Demo command tested; no live connections,seed_demo.py
1908,40,- example request with multiple deliverables,Demo command tested; no live connections,seed_demo.py
1909,40,- creatives and versions,Demo command tested; no live connections,seed_demo.py
1910,40,- comments/feedback,Demo command tested; no live connections,seed_demo.py
1911,40,- one experiment,Demo command tested; no live connections,seed_demo.py
1912,40,- sample performance snapshots,Demo command tested; no live connections,seed_demo.py
1914,40,Use clearly fake local demo data only.,Demo command tested; no live connections,seed_demo.py
1916,40,Never create fake live provider connections.,Demo command tested; no live connections,seed_demo.py
1918,40,Document demo credentials and force password change if used beyond local demo.,Demo command tested; no live connections,seed_demo.py
1920,40,---,Demo command tested; no live connections,seed_demo.py
1922,41,# 41. TESTING REQUIREMENTS,Executed gates recorded; full acceptance incomplete,FINAL_QA_REPORT.md
1924,41,## Backend,Executed gates recorded; full acceptance incomplete,FINAL_QA_REPORT.md
1926,41,Use pytest.,Executed gates recorded; full acceptance incomplete,FINAL_QA_REPORT.md
1928,41,Required test categories:,Executed gates recorded; full acceptance incomplete,FINAL_QA_REPORT.md
1930,41,- models/constraints,Executed gates recorded; full acceptance incomplete,FINAL_QA_REPORT.md
1931,41,- permissions,Executed gates recorded; full acceptance incomplete,FINAL_QA_REPORT.md
1932,41,- workspace scoping,Executed gates recorded; full acceptance incomplete,FINAL_QA_REPORT.md
1933,41,- brand restrictions,Executed gates recorded; full acceptance incomplete,FINAL_QA_REPORT.md
1934,41,- workflow state machine,Executed gates recorded; full acceptance incomplete,FINAL_QA_REPORT.md
1935,41,- request lifecycle,Executed gates recorded; full acceptance incomplete,FINAL_QA_REPORT.md
1936,41,- creative version lifecycle,Executed gates recorded; full acceptance incomplete,FINAL_QA_REPORT.md
1937,41,- review/approval,Executed gates recorded; full acceptance incomplete,FINAL_QA_REPORT.md
1938,41,- file identity,Executed gates recorded; full acceptance incomplete,FINAL_QA_REPORT.md
1939,41,- Drive mapping,Executed gates recorded; full acceptance incomplete,FINAL_QA_REPORT.md
1940,41,- Drive OAuth state handling,Executed gates recorded; full acceptance incomplete,FINAL_QA_REPORT.md
1941,41,- Drive upload retries,Executed gates recorded; full acceptance incomplete,FINAL_QA_REPORT.md
1942,41,- YouTube resumable state,Executed gates recorded; full acceptance incomplete,FINAL_QA_REPORT.md
1943,41,- provider registry,Executed gates recorded; full acceptance incomplete,FINAL_QA_REPORT.md
1944,41,- publishing safety,Executed gates recorded; full acceptance incomplete,FINAL_QA_REPORT.md
1945,41,- performance normalization,Executed gates recorded; full acceptance incomplete,FINAL_QA_REPORT.md
1946,41,- fatigue signals,Executed gates recorded; full acceptance incomplete,FINAL_QA_REPORT.md
1947,41,- experiment lifecycle,Executed gates recorded; full acceptance incomplete,FINAL_QA_REPORT.md
1948,41,- automation idempotency,Executed gates recorded; full acceptance incomplete,FINAL_QA_REPORT.md
1949,41,- notifications,Executed gates recorded; full acceptance incomplete,FINAL_QA_REPORT.md
1950,41,- legacy importer,Executed gates recorded; full acceptance incomplete,FINAL_QA_REPORT.md
1951,41,- API validation,Executed gates recorded; full acceptance incomplete,FINAL_QA_REPORT.md
1953,41,## Frontend,Executed gates recorded; full acceptance incomplete,FINAL_QA_REPORT.md
1955,41,Use:,Executed gates recorded; full acceptance incomplete,FINAL_QA_REPORT.md
1956,41,- Vitest,Executed gates recorded; full acceptance incomplete,FINAL_QA_REPORT.md
1957,41,- React Testing Library,Executed gates recorded; full acceptance incomplete,FINAL_QA_REPORT.md
1959,41,Test:,Executed gates recorded; full acceptance incomplete,FINAL_QA_REPORT.md
1960,41,- role-dependent rendering,Executed gates recorded; full acceptance incomplete,FINAL_QA_REPORT.md
1961,41,- forms,Executed gates recorded; full acceptance incomplete,FINAL_QA_REPORT.md
1962,41,- workflow actions,Executed gates recorded; full acceptance incomplete,FINAL_QA_REPORT.md
1963,41,- RTL,Executed gates recorded; full acceptance incomplete,FINAL_QA_REPORT.md
1964,41,- query errors,Executed gates recorded; full acceptance incomplete,FINAL_QA_REPORT.md
1965,41,- optimistic updates only where safe,Executed gates recorded; full acceptance incomplete,FINAL_QA_REPORT.md
1966,41,- accessibility basics,Executed gates recorded; full acceptance incomplete,FINAL_QA_REPORT.md
1968,41,## End-to-end Playwright,Executed gates recorded; full acceptance incomplete,FINAL_QA_REPORT.md
1970,41,Must cover at least:,Executed gates recorded; full acceptance incomplete,FINAL_QA_REPORT.md
1972,41,### Journey A — Requester to approved creative,Executed gates recorded; full acceptance incomplete,FINAL_QA_REPORT.md
1973,41,1. Login as requester,Executed gates recorded; full acceptance incomplete,FINAL_QA_REPORT.md
1974,41,2. Create request with 2 deliverables,Executed gates recorded; full acceptance incomplete,FINAL_QA_REPORT.md
1975,41,3. Manager assigns editor,Executed gates recorded; full acceptance incomplete,FINAL_QA_REPORT.md
1976,41,4. Editor starts work,Executed gates recorded; full acceptance incomplete,FINAL_QA_REPORT.md
1977,41,5. Editor creates/submits version,Executed gates recorded; full acceptance incomplete,FINAL_QA_REPORT.md
1978,41,6. Reviewer requests changes,Executed gates recorded; full acceptance incomplete,FINAL_QA_REPORT.md
1979,41,7. Editor creates v2,Executed gates recorded; full acceptance incomplete,FINAL_QA_REPORT.md
1980,41,8. Reviewer/manager approves,Executed gates recorded; full acceptance incomplete,FINAL_QA_REPORT.md
1981,41,9. verify audit/activity/notifications,Executed gates recorded; full acceptance incomplete,FINAL_QA_REPORT.md
1983,41,### Journey B — Drive,Executed gates recorded; full acceptance incomplete,FINAL_QA_REPORT.md
1984,41,1. Admin creates a mock/dev Drive connection or test fixture,Executed gates recorded; full acceptance incomplete,FINAL_QA_REPORT.md
1985,41,2. Upload/attach asset,Executed gates recorded; full acceptance incomplete,FINAL_QA_REPORT.md
1986,41,3. verify storage identity,Executed gates recorded; full acceptance incomplete,FINAL_QA_REPORT.md
1987,41,4. rename/move simulation,Executed gates recorded; full acceptance incomplete,FINAL_QA_REPORT.md
1988,41,5. verify relationship survives ID-based sync,Executed gates recorded; full acceptance incomplete,FINAL_QA_REPORT.md
1990,41,### Journey C — Media Buyer,Executed gates recorded; full acceptance incomplete,FINAL_QA_REPORT.md
1991,41,1. Approved creative,Executed gates recorded; full acceptance incomplete,FINAL_QA_REPORT.md
1992,41,2. create deployment,Executed gates recorded; full acceptance incomplete,FINAL_QA_REPORT.md
1993,41,3. ingest performance,Executed gates recorded; full acceptance incomplete,FINAL_QA_REPORT.md
1994,41,4. compare snapshots,Executed gates recorded; full acceptance incomplete,FINAL_QA_REPORT.md
1995,41,5. create outcome/refresh,Executed gates recorded; full acceptance incomplete,FINAL_QA_REPORT.md
1997,41,### Journey D — Experiment,Executed gates recorded; full acceptance incomplete,FINAL_QA_REPORT.md
1998,41,1. create parent/variant,Executed gates recorded; full acceptance incomplete,FINAL_QA_REPORT.md
1999,41,2. create experiment,Executed gates recorded; full acceptance incomplete,FINAL_QA_REPORT.md
2000,41,3. bind arms,Executed gates recorded; full acceptance incomplete,FINAL_QA_REPORT.md
2001,41,4. complete experiment,Executed gates recorded; full acceptance incomplete,FINAL_QA_REPORT.md
2002,41,5. record learning,Executed gates recorded; full acceptance incomplete,FINAL_QA_REPORT.md
2004,41,### Journey E — Permissions,Executed gates recorded; full acceptance incomplete,FINAL_QA_REPORT.md
2005,41,Attempt cross-workspace and restricted-brand reads/writes and prove rejection.,Executed gates recorded; full acceptance incomplete,FINAL_QA_REPORT.md
2007,41,## Quality gates,Executed gates recorded; full acceptance incomplete,FINAL_QA_REPORT.md
2009,41,Before completion:,Executed gates recorded; full acceptance incomplete,FINAL_QA_REPORT.md
2011,41,- backend test suite passes,Executed gates recorded; full acceptance incomplete,FINAL_QA_REPORT.md
2012,41,- frontend tests pass,Executed gates recorded; full acceptance incomplete,FINAL_QA_REPORT.md
2013,41,- TypeScript typecheck passes,Executed gates recorded; full acceptance incomplete,FINAL_QA_REPORT.md
2014,41,- frontend production build passes,Executed gates recorded; full acceptance incomplete,FINAL_QA_REPORT.md
2015,41,- lint passes,Executed gates recorded; full acceptance incomplete,FINAL_QA_REPORT.md
2016,41,- Django system check passes,Executed gates recorded; full acceptance incomplete,FINAL_QA_REPORT.md
2017,41,- migrations make/check clean,Executed gates recorded; full acceptance incomplete,FINAL_QA_REPORT.md
2018,41,- Playwright critical paths pass,Executed gates recorded; full acceptance incomplete,FINAL_QA_REPORT.md
2019,41,- no production code depends on mock providers,Executed gates recorded; full acceptance incomplete,FINAL_QA_REPORT.md
2020,41,- no high-severity known dependency vulnerability left unexplained,Executed gates recorded; full acceptance incomplete,FINAL_QA_REPORT.md
2022,41,Aim for high meaningful coverage on domain/workflow services; do not game coverage with meaningless tests.,Executed gates recorded; full acceptance incomplete,FINAL_QA_REPORT.md
2024,41,---,Executed gates recorded; full acceptance incomplete,FINAL_QA_REPORT.md
2026,42,# 42. OBSERVABILITY AND ERROR HANDLING,Health/logs/job records implemented; aggregates partial,middleware.py; jobs.py; operations UI
2028,42,Add:,Health/logs/job records implemented; aggregates partial,middleware.py; jobs.py; operations UI
2030,42,- structured application logs,Health/logs/job records implemented; aggregates partial,middleware.py; jobs.py; operations UI
2031,42,- request/correlation ID,Health/logs/job records implemented; aggregates partial,middleware.py; jobs.py; operations UI
2032,42,- worker/job logs,Health/logs/job records implemented; aggregates partial,middleware.py; jobs.py; operations UI
2033,42,- provider name and operation in errors without secrets,Health/logs/job records implemented; aggregates partial,middleware.py; jobs.py; operations UI
2034,42,- health endpoint,Health/logs/job records implemented; aggregates partial,middleware.py; jobs.py; operations UI
2035,42,- readiness endpoint,Health/logs/job records implemented; aggregates partial,middleware.py; jobs.py; operations UI
2036,42,- last integration sync status,Health/logs/job records implemented; aggregates partial,middleware.py; jobs.py; operations UI
2037,42,- job failure visibility in admin/operations,Health/logs/job records implemented; aggregates partial,middleware.py; jobs.py; operations UI
2039,42,Health endpoint must not expose secrets.,Health/logs/job records implemented; aggregates partial,middleware.py; jobs.py; operations UI
2041,42,Operations page should surface:,Health/logs/job records implemented; aggregates partial,middleware.py; jobs.py; operations UI
2042,42,- failed background jobs,Health/logs/job records implemented; aggregates partial,middleware.py; jobs.py; operations UI
2043,42,- stale jobs,Health/logs/job records implemented; aggregates partial,middleware.py; jobs.py; operations UI
2044,42,- failed uploads,Health/logs/job records implemented; aggregates partial,middleware.py; jobs.py; operations UI
2045,42,- failed publishing,Health/logs/job records implemented; aggregates partial,middleware.py; jobs.py; operations UI
2046,42,- disconnected providers,Health/logs/job records implemented; aggregates partial,middleware.py; jobs.py; operations UI
2047,42,- old performance sync,Health/logs/job records implemented; aggregates partial,middleware.py; jobs.py; operations UI
2048,42,- Drive sync errors,Health/logs/job records implemented; aggregates partial,middleware.py; jobs.py; operations UI
2050,42,---,Health/logs/job records implemented; aggregates partial,middleware.py; jobs.py; operations UI
2052,43,# 43. DJANGO ADMIN,Read-only operations admin; safe user deactivation,common/admin.py; accounts/admin.py
2054,43,"Use Django Admin as an emergency/operations interface, not as the main product UI.",Read-only operations admin; safe user deactivation,common/admin.py; accounts/admin.py
2056,43,Register important models.,Read-only operations admin; safe user deactivation,common/admin.py; accounts/admin.py
2058,43,Admin permissions must remain safe.,Read-only operations admin; safe user deactivation,common/admin.py; accounts/admin.py
2060,43,Sensitive token fields must be hidden/redacted.,Read-only operations admin; safe user deactivation,common/admin.py; accounts/admin.py
2062,43,Useful admin features:,Read-only operations admin; safe user deactivation,common/admin.py; accounts/admin.py
2063,43,- search,Read-only operations admin; safe user deactivation,common/admin.py; accounts/admin.py
2064,43,- filters,Read-only operations admin; safe user deactivation,common/admin.py; accounts/admin.py
2065,43,- readonly IDs/external identity,Read-only operations admin; safe user deactivation,common/admin.py; accounts/admin.py
2066,43,- audit visibility,Read-only operations admin; safe user deactivation,common/admin.py; accounts/admin.py
2067,43,- retry job action only if safe,Read-only operations admin; safe user deactivation,common/admin.py; accounts/admin.py
2068,43,- deactivate user,Read-only operations admin; safe user deactivation,common/admin.py; accounts/admin.py
2070,43,---,Read-only operations admin; safe user deactivation,common/admin.py; accounts/admin.py
2072,44,# 44. DEPLOYMENT,Native build verified; Docker runtime blocked by host I/O,DEPLOYMENT.md; docker-compose.yml
2074,44,Provide both simple native deployment and Docker deployment.,Native build verified; Docker runtime blocked by host I/O,DEPLOYMENT.md; docker-compose.yml
2076,44,## Docker production shape,Native build verified; Docker runtime blocked by host I/O,DEPLOYMENT.md; docker-compose.yml
2078,44,Recommended:,Native build verified; Docker runtime blocked by host I/O,DEPLOYMENT.md; docker-compose.yml
2080,44,```text,Native build verified; Docker runtime blocked by host I/O,DEPLOYMENT.md; docker-compose.yml
2081,44,nginx,Native build verified; Docker runtime blocked by host I/O,DEPLOYMENT.md; docker-compose.yml
2082,44,  ├─ serves React build,Native build verified; Docker runtime blocked by host I/O,DEPLOYMENT.md; docker-compose.yml
2083,44,  └─ proxies /api and /admin to Django,Native build verified; Docker runtime blocked by host I/O,DEPLOYMENT.md; docker-compose.yml
2085,44,django web,Native build verified; Docker runtime blocked by host I/O,DEPLOYMENT.md; docker-compose.yml
2086,44,django worker,Native build verified; Docker runtime blocked by host I/O,DEPLOYMENT.md; docker-compose.yml
2087,44,persistent local SQLite volume,Native build verified; Docker runtime blocked by host I/O,DEPLOYMENT.md; docker-compose.yml
2088,44,```,Native build verified; Docker runtime blocked by host I/O,DEPLOYMENT.md; docker-compose.yml
2090,44,"If the same image is used for web and worker, use different commands.",Native build verified; Docker runtime blocked by host I/O,DEPLOYMENT.md; docker-compose.yml
2092,44,Do not put SQLite on distributed/network storage.,Native build verified; Docker runtime blocked by host I/O,DEPLOYMENT.md; docker-compose.yml
2094,44,## Django server,Native build verified; Docker runtime blocked by host I/O,DEPLOYMENT.md; docker-compose.yml
2096,44,Use a production WSGI/ASGI server appropriate to the implemented features.,Native build verified; Docker runtime blocked by host I/O,DEPLOYMENT.md; docker-compose.yml
2098,44,Do not use Django `runserver` in production.,Native build verified; Docker runtime blocked by host I/O,DEPLOYMENT.md; docker-compose.yml
2100,44,## Static frontend,Native build verified; Docker runtime blocked by host I/O,DEPLOYMENT.md; docker-compose.yml
2102,44,Build React once:,Native build verified; Docker runtime blocked by host I/O,DEPLOYMENT.md; docker-compose.yml
2104,44,```bash,Native build verified; Docker runtime blocked by host I/O,DEPLOYMENT.md; docker-compose.yml
2105,44,npm run build,Native build verified; Docker runtime blocked by host I/O,DEPLOYMENT.md; docker-compose.yml
2106,44,```,Native build verified; Docker runtime blocked by host I/O,DEPLOYMENT.md; docker-compose.yml
2108,44,Serve static assets via Nginx or another production web server.,Native build verified; Docker runtime blocked by host I/O,DEPLOYMENT.md; docker-compose.yml
2110,44,## Environment,Native build verified; Docker runtime blocked by host I/O,DEPLOYMENT.md; docker-compose.yml
2112,44,Provide `.env.example` with explanations.,Native build verified; Docker runtime blocked by host I/O,DEPLOYMENT.md; docker-compose.yml
2114,44,At minimum:,Native build verified; Docker runtime blocked by host I/O,DEPLOYMENT.md; docker-compose.yml
2116,44,```env,Native build verified; Docker runtime blocked by host I/O,DEPLOYMENT.md; docker-compose.yml
2117,44,DJANGO_SECRET_KEY=,Native build verified; Docker runtime blocked by host I/O,DEPLOYMENT.md; docker-compose.yml
2118,44,APP_ENCRYPTION_KEY=,Native build verified; Docker runtime blocked by host I/O,DEPLOYMENT.md; docker-compose.yml
2119,44,DJANGO_DEBUG=false,Native build verified; Docker runtime blocked by host I/O,DEPLOYMENT.md; docker-compose.yml
2120,44,DJANGO_ALLOWED_HOSTS=,Native build verified; Docker runtime blocked by host I/O,DEPLOYMENT.md; docker-compose.yml
2121,44,DJANGO_CSRF_TRUSTED_ORIGINS=,Native build verified; Docker runtime blocked by host I/O,DEPLOYMENT.md; docker-compose.yml
2122,44,DATABASE_PATH=/data/creative_manager.sqlite3,Native build verified; Docker runtime blocked by host I/O,DEPLOYMENT.md; docker-compose.yml
2124,44,GOOGLE_CLIENT_ID=,Native build verified; Docker runtime blocked by host I/O,DEPLOYMENT.md; docker-compose.yml
2125,44,GOOGLE_CLIENT_SECRET=,Native build verified; Docker runtime blocked by host I/O,DEPLOYMENT.md; docker-compose.yml
2126,44,GOOGLE_REDIRECT_URI=,Native build verified; Docker runtime blocked by host I/O,DEPLOYMENT.md; docker-compose.yml
2128,44,META_APP_ID=,Native build verified; Docker runtime blocked by host I/O,DEPLOYMENT.md; docker-compose.yml
2129,44,META_APP_SECRET=,Native build verified; Docker runtime blocked by host I/O,DEPLOYMENT.md; docker-compose.yml
2130,44,META_REDIRECT_URI=,Native build verified; Docker runtime blocked by host I/O,DEPLOYMENT.md; docker-compose.yml
2132,44,TIKTOK_CLIENT_ID=,Native build verified; Docker runtime blocked by host I/O,DEPLOYMENT.md; docker-compose.yml
2133,44,TIKTOK_CLIENT_SECRET=,Native build verified; Docker runtime blocked by host I/O,DEPLOYMENT.md; docker-compose.yml
2135,44,GOOGLE_ADS_...,Native build verified; Docker runtime blocked by host I/O,DEPLOYMENT.md; docker-compose.yml
2137,44,YOUTUBE_...,Native build verified; Docker runtime blocked by host I/O,DEPLOYMENT.md; docker-compose.yml
2139,44,MAX_UPLOAD_BYTES=,Native build verified; Docker runtime blocked by host I/O,DEPLOYMENT.md; docker-compose.yml
2140,44,```,Native build verified; Docker runtime blocked by host I/O,DEPLOYMENT.md; docker-compose.yml
2142,44,Only include variables actually used.,Native build verified; Docker runtime blocked by host I/O,DEPLOYMENT.md; docker-compose.yml
2144,44,Never commit real secrets.,Native build verified; Docker runtime blocked by host I/O,DEPLOYMENT.md; docker-compose.yml
2146,44,---,Native build verified; Docker runtime blocked by host I/O,DEPLOYMENT.md; docker-compose.yml
2148,45,# 45. GOOGLE CLOUD SETUP DOCUMENTATION,Delivered,GOOGLE_SETUP.md
2150,45,Create `docs/GOOGLE_SETUP.md`.,Delivered,GOOGLE_SETUP.md
2152,45,Explain step-by-step:,Delivered,GOOGLE_SETUP.md
2154,45,1. create/select Google Cloud project;,Delivered,GOOGLE_SETUP.md
2155,45,2. enable Drive API;,Delivered,GOOGLE_SETUP.md
2156,45,3. enable YouTube Data API if YouTube upload is used;,Delivered,GOOGLE_SETUP.md
2157,45,4. configure OAuth consent screen;,Delivered,GOOGLE_SETUP.md
2158,45,5. create Web OAuth client;,Delivered,GOOGLE_SETUP.md
2159,45,6. configure authorized redirect URI;,Delivered,GOOGLE_SETUP.md
2160,45,7. choose scopes;,Delivered,GOOGLE_SETUP.md
2161,45,8. connect inside CreativeManager;,Delivered,GOOGLE_SETUP.md
2162,45,9. select/create application Drive root;,Delivered,GOOGLE_SETUP.md
2163,45,10. Shared Drive recommendation;,Delivered,GOOGLE_SETUP.md
2164,45,11. token revocation/reconnection;,Delivered,GOOGLE_SETUP.md
2165,45,12. common errors.,Delivered,GOOGLE_SETUP.md
2167,45,Use current official Google documentation while implementing.,Delivered,GOOGLE_SETUP.md
2169,45,---,Delivered,GOOGLE_SETUP.md
2171,46,# 46. WINDOWS LOCAL DEVELOPMENT DOCUMENTATION,Delivered,WINDOWS_LOCAL_SETUP.md
2173,46,Create `docs/WINDOWS_LOCAL_SETUP.md`.,Delivered,WINDOWS_LOCAL_SETUP.md
2175,46,Assume a Windows user using Command Prompt or PowerShell.,Delivered,WINDOWS_LOCAL_SETUP.md
2177,46,Include exact commands for:,Delivered,WINDOWS_LOCAL_SETUP.md
2179,46,- install Python 3.13,Delivered,WINDOWS_LOCAL_SETUP.md
2180,46,- create venv,Delivered,WINDOWS_LOCAL_SETUP.md
2181,46,- activate venv,Delivered,WINDOWS_LOCAL_SETUP.md
2182,46,- install backend dependencies,Delivered,WINDOWS_LOCAL_SETUP.md
2183,46,- create `.env`,Delivered,WINDOWS_LOCAL_SETUP.md
2184,46,- migrate,Delivered,WINDOWS_LOCAL_SETUP.md
2185,46,- create superuser,Delivered,WINDOWS_LOCAL_SETUP.md
2186,46,- seed demo,Delivered,WINDOWS_LOCAL_SETUP.md
2187,46,- run Django,Delivered,WINDOWS_LOCAL_SETUP.md
2188,46,- install Node,Delivered,WINDOWS_LOCAL_SETUP.md
2189,46,- install frontend dependencies,Delivered,WINDOWS_LOCAL_SETUP.md
2190,46,- start Vite,Delivered,WINDOWS_LOCAL_SETUP.md
2191,46,- run tests,Delivered,WINDOWS_LOCAL_SETUP.md
2193,46,Example shape:,Delivered,WINDOWS_LOCAL_SETUP.md
2195,46,```powershell,Delivered,WINDOWS_LOCAL_SETUP.md
2196,46,cd backend,Delivered,WINDOWS_LOCAL_SETUP.md
2197,46,py -3.13 -m venv .venv,Delivered,WINDOWS_LOCAL_SETUP.md
2198,46,.venv\Scripts\Activate.ps1,Delivered,WINDOWS_LOCAL_SETUP.md
2199,46,python -m pip install -r requirements.txt,Delivered,WINDOWS_LOCAL_SETUP.md
2200,46,python manage.py migrate,Delivered,WINDOWS_LOCAL_SETUP.md
2201,46,python manage.py createsuperuser,Delivered,WINDOWS_LOCAL_SETUP.md
2202,46,python manage.py runserver 127.0.0.1:8000,Delivered,WINDOWS_LOCAL_SETUP.md
2203,46,```,Delivered,WINDOWS_LOCAL_SETUP.md
2205,46,Then frontend:,Delivered,WINDOWS_LOCAL_SETUP.md
2207,46,```powershell,Delivered,WINDOWS_LOCAL_SETUP.md
2208,46,cd frontend,Delivered,WINDOWS_LOCAL_SETUP.md
2209,46,npm ci,Delivered,WINDOWS_LOCAL_SETUP.md
2210,46,npm run dev,Delivered,WINDOWS_LOCAL_SETUP.md
2211,46,```,Delivered,WINDOWS_LOCAL_SETUP.md
2213,46,"Use the actual resulting commands/configuration, not placeholder instructions.",Delivered,WINDOWS_LOCAL_SETUP.md
2215,46,---,Delivered,WINDOWS_LOCAL_SETUP.md
2217,47,# 47. BACKUP / RESTORE,Commands and restore integrity verified,BACKUP_RESTORE.md
2219,47,Provide tested commands.,Commands and restore integrity verified,BACKUP_RESTORE.md
2221,47,Backup should create timestamped copies safely.,Commands and restore integrity verified,BACKUP_RESTORE.md
2223,47,Before copying SQLite:,Commands and restore integrity verified,BACKUP_RESTORE.md
2224,47,- use SQLite backup API or safe checkpoint/backup technique;,Commands and restore integrity verified,BACKUP_RESTORE.md
2225,47,- do not blindly copy an actively changing WAL database in an unsafe way.,Commands and restore integrity verified,BACKUP_RESTORE.md
2227,47,Provide:,Commands and restore integrity verified,BACKUP_RESTORE.md
2228,47,- automatic backup retention config,Commands and restore integrity verified,BACKUP_RESTORE.md
2229,47,- manual backup,Commands and restore integrity verified,BACKUP_RESTORE.md
2230,47,- restore verification,Commands and restore integrity verified,BACKUP_RESTORE.md
2231,47,- `PRAGMA integrity_check` or equivalent through a management command,Commands and restore integrity verified,BACKUP_RESTORE.md
2233,47,Document where Google Drive metadata fits into recovery.,Commands and restore integrity verified,BACKUP_RESTORE.md
2235,47,---,Commands and restore integrity verified,BACKUP_RESTORE.md
2237,48,# 48. DOCUMENTATION OUTPUT,Delivered,docs/
2239,48,Create:,Delivered,docs/
2241,48,```text,Delivered,docs/
2242,48,README.md,Delivered,docs/
2243,48,docs/,Delivered,docs/
2244,48,├─ ARCHITECTURE.md,Delivered,docs/
2245,48,├─ DOMAIN_MODEL.md,Delivered,docs/
2246,48,├─ WORKFLOWS.md,Delivered,docs/
2247,48,├─ PERMISSIONS.md,Delivered,docs/
2248,48,├─ GOOGLE_SETUP.md,Delivered,docs/
2249,48,├─ PROVIDER_INTEGRATIONS.md,Delivered,docs/
2250,48,├─ WINDOWS_LOCAL_SETUP.md,Delivered,docs/
2251,48,├─ DEPLOYMENT.md,Delivered,docs/
2252,48,├─ BACKUP_RESTORE.md,Delivered,docs/
2253,48,├─ LEGACY_IMPORT.md,Delivered,docs/
2254,48,├─ TESTING.md,Delivered,docs/
2255,48,└─ SECURITY.md,Delivered,docs/
2256,48,```,Delivered,docs/
2258,48,Also create Mermaid diagrams where helpful:,Delivered,docs/
2259,48,- architecture,Delivered,docs/
2260,48,- request lifecycle,Delivered,docs/
2261,48,- creative lifecycle,Delivered,docs/
2262,48,- Drive storage flow,Delivered,docs/
2263,48,- publishing flow,Delivered,docs/
2264,48,- entity relationships,Delivered,docs/
2266,48,---,Delivered,docs/
2268,49,# 49. IMPLEMENTATION MILESTONES,Partial milestone completion,REQUIREMENTS_TRACEABILITY.md
2270,49,Codex should execute these automatically.,Partial milestone completion,REQUIREMENTS_TRACEABILITY.md
2272,49,## Milestone 0 — Legacy audit,Partial milestone completion,REQUIREMENTS_TRACEABILITY.md
2273,49,- unpack reference ZIP,Partial milestone completion,REQUIREMENTS_TRACEABILITY.md
2274,49,- inventory all capabilities,Partial milestone completion,REQUIREMENTS_TRACEABILITY.md
2275,49,- map source models/services/routes/migrations to target domains,Partial milestone completion,REQUIREMENTS_TRACEABILITY.md
2276,49,- record known defects,Partial milestone completion,REQUIREMENTS_TRACEABILITY.md
2277,49,- create `docs/LEGACY_AUDIT.md`,Partial milestone completion,REQUIREMENTS_TRACEABILITY.md
2279,49,## Milestone 1 — Foundation,Partial milestone completion,REQUIREMENTS_TRACEABILITY.md
2280,49,- Django project,Partial milestone completion,REQUIREMENTS_TRACEABILITY.md
2281,49,- React project,Partial milestone completion,REQUIREMENTS_TRACEABILITY.md
2282,49,- config,Partial milestone completion,REQUIREMENTS_TRACEABILITY.md
2283,49,- custom User,Partial milestone completion,REQUIREMENTS_TRACEABILITY.md
2284,49,- profiles,Partial milestone completion,REQUIREMENTS_TRACEABILITY.md
2285,49,- workspaces,Partial milestone completion,REQUIREMENTS_TRACEABILITY.md
2286,49,- memberships,Partial milestone completion,REQUIREMENTS_TRACEABILITY.md
2287,49,- roles/permissions,Partial milestone completion,REQUIREMENTS_TRACEABILITY.md
2288,49,- session auth,Partial milestone completion,REQUIREMENTS_TRACEABILITY.md
2289,49,- i18n,Partial milestone completion,REQUIREMENTS_TRACEABILITY.md
2290,49,- base responsive layout,Partial milestone completion,REQUIREMENTS_TRACEABILITY.md
2291,49,- API conventions,Partial milestone completion,REQUIREMENTS_TRACEABILITY.md
2292,49,- tests,Partial milestone completion,REQUIREMENTS_TRACEABILITY.md
2294,49,## Milestone 2 — Catalog + Requests,Partial milestone completion,REQUIREMENTS_TRACEABILITY.md
2295,49,- brands/products/campaigns/platforms,Partial milestone completion,REQUIREMENTS_TRACEABILITY.md
2296,49,- requests,Partial milestone completion,REQUIREMENTS_TRACEABILITY.md
2297,49,- deliverables,Partial milestone completion,REQUIREMENTS_TRACEABILITY.md
2298,49,- source materials,Partial milestone completion,REQUIREMENTS_TRACEABILITY.md
2299,49,- assignments,Partial milestone completion,REQUIREMENTS_TRACEABILITY.md
2300,49,- workflow,Partial milestone completion,REQUIREMENTS_TRACEABILITY.md
2301,49,- board,Partial milestone completion,REQUIREMENTS_TRACEABILITY.md
2302,49,- My Tasks,Partial milestone completion,REQUIREMENTS_TRACEABILITY.md
2303,49,- notifications/activity,Partial milestone completion,REQUIREMENTS_TRACEABILITY.md
2305,49,## Milestone 3 — Creatives,Partial milestone completion,REQUIREMENTS_TRACEABILITY.md
2306,49,- creative workspace,Partial milestone completion,REQUIREMENTS_TRACEABILITY.md
2307,49,- versioning,Partial milestone completion,REQUIREMENTS_TRACEABILITY.md
2308,49,- comments,Partial milestone completion,REQUIREMENTS_TRACEABILITY.md
2309,49,- feedback,Partial milestone completion,REQUIREMENTS_TRACEABILITY.md
2310,49,- review,Partial milestone completion,REQUIREMENTS_TRACEABILITY.md
2311,49,- approval,Partial milestone completion,REQUIREMENTS_TRACEABILITY.md
2312,49,- lineage,Partial milestone completion,REQUIREMENTS_TRACEABILITY.md
2313,49,- creative family,Partial milestone completion,REQUIREMENTS_TRACEABILITY.md
2314,49,- library,Partial milestone completion,REQUIREMENTS_TRACEABILITY.md
2315,49,- search,Partial milestone completion,REQUIREMENTS_TRACEABILITY.md
2317,49,## Milestone 4 — Storage,Partial milestone completion,REQUIREMENTS_TRACEABILITY.md
2318,49,- local provider,Partial milestone completion,REQUIREMENTS_TRACEABILITY.md
2319,49,- Google OAuth,Partial milestone completion,REQUIREMENTS_TRACEABILITY.md
2320,49,- StorageConnection,Partial milestone completion,REQUIREMENTS_TRACEABILITY.md
2321,49,- Drive folders/mappings,Partial milestone completion,REQUIREMENTS_TRACEABILITY.md
2322,49,- Drive inventory/sync,Partial milestone completion,REQUIREMENTS_TRACEABILITY.md
2323,49,- resumable upload,Partial milestone completion,REQUIREMENTS_TRACEABILITY.md
2324,49,- attach existing,Partial milestone completion,REQUIREMENTS_TRACEABILITY.md
2325,49,- CreativeFile,Partial milestone completion,REQUIREMENTS_TRACEABILITY.md
2326,49,- file identity,Partial milestone completion,REQUIREMENTS_TRACEABILITY.md
2327,49,- UI,Partial milestone completion,REQUIREMENTS_TRACEABILITY.md
2329,49,## Milestone 5 — Clips + Content,Partial milestone completion,REQUIREMENTS_TRACEABILITY.md
2330,49,- clips,Partial milestone completion,REQUIREMENTS_TRACEABILITY.md
2331,49,- clip usages,Partial milestone completion,REQUIREMENTS_TRACEABILITY.md
2332,49,- transcript/OCR index,Partial milestone completion,REQUIREMENTS_TRACEABILITY.md
2333,49,- search,Partial milestone completion,REQUIREMENTS_TRACEABILITY.md
2334,49,- manual corrections,Partial milestone completion,REQUIREMENTS_TRACEABILITY.md
2336,49,## Milestone 6 — Deployment + Performance,Partial milestone completion,REQUIREMENTS_TRACEABILITY.md
2337,49,- deployments,Partial milestone completion,REQUIREMENTS_TRACEABILITY.md
2338,49,- ad connections,Partial milestone completion,REQUIREMENTS_TRACEABILITY.md
2339,49,- provider interfaces,Partial milestone completion,REQUIREMENTS_TRACEABILITY.md
2340,49,- performance snapshots,Partial milestone completion,REQUIREMENTS_TRACEABILITY.md
2341,49,- normalized analytics,Partial milestone completion,REQUIREMENTS_TRACEABILITY.md
2342,49,- fatigue,Partial milestone completion,REQUIREMENTS_TRACEABILITY.md
2343,49,- outcome history,Partial milestone completion,REQUIREMENTS_TRACEABILITY.md
2344,49,- decision UI,Partial milestone completion,REQUIREMENTS_TRACEABILITY.md
2346,49,## Milestone 7 — Experiments + Knowledge,Partial milestone completion,REQUIREMENTS_TRACEABILITY.md
2347,49,- experiments,Partial milestone completion,REQUIREMENTS_TRACEABILITY.md
2348,49,- arms,Partial milestone completion,REQUIREMENTS_TRACEABILITY.md
2349,49,- comparisons,Partial milestone completion,REQUIREMENTS_TRACEABILITY.md
2350,49,- context hub,Partial milestone completion,REQUIREMENTS_TRACEABILITY.md
2351,49,- context versions/evidence,Partial milestone completion,REQUIREMENTS_TRACEABILITY.md
2352,49,- patterns,Partial milestone completion,REQUIREMENTS_TRACEABILITY.md
2353,49,- evidence assistant,Partial milestone completion,REQUIREMENTS_TRACEABILITY.md
2354,49,- creative proposals,Partial milestone completion,REQUIREMENTS_TRACEABILITY.md
2356,49,## Milestone 8 — Publishing + YouTube,Partial milestone completion,REQUIREMENTS_TRACEABILITY.md
2357,49,- publish jobs/steps,Partial milestone completion,REQUIREMENTS_TRACEABILITY.md
2358,49,- real Meta provider behavior,Partial milestone completion,REQUIREMENTS_TRACEABILITY.md
2359,49,- safe provider registry,Partial milestone completion,REQUIREMENTS_TRACEABILITY.md
2360,49,- retries/idempotency,Partial milestone completion,REQUIREMENTS_TRACEABILITY.md
2361,49,- YouTube resumable upload,Partial milestone completion,REQUIREMENTS_TRACEABILITY.md
2362,49,- external receipt integrity,Partial milestone completion,REQUIREMENTS_TRACEABILITY.md
2364,49,## Milestone 9 — Automation + Operations,Partial milestone completion,REQUIREMENTS_TRACEABILITY.md
2365,49,- rule builder,Partial milestone completion,REQUIREMENTS_TRACEABILITY.md
2366,49,- worker/job infrastructure,Partial milestone completion,REQUIREMENTS_TRACEABILITY.md
2367,49,- automation runs,Partial milestone completion,REQUIREMENTS_TRACEABILITY.md
2368,49,- operations dashboard,Partial milestone completion,REQUIREMENTS_TRACEABILITY.md
2369,49,- failed job tools,Partial milestone completion,REQUIREMENTS_TRACEABILITY.md
2371,49,## Milestone 10 — Legacy import,Partial milestone completion,REQUIREMENTS_TRACEABILITY.md
2372,49,- dry run,Partial milestone completion,REQUIREMENTS_TRACEABILITY.md
2373,49,- import,Partial milestone completion,REQUIREMENTS_TRACEABILITY.md
2374,49,- mappings,Partial milestone completion,REQUIREMENTS_TRACEABILITY.md
2375,49,- reports,Partial milestone completion,REQUIREMENTS_TRACEABILITY.md
2376,49,- edge cases,Partial milestone completion,REQUIREMENTS_TRACEABILITY.md
2378,49,## Milestone 11 — Production hardening,Partial milestone completion,REQUIREMENTS_TRACEABILITY.md
2379,49,- security,Partial milestone completion,REQUIREMENTS_TRACEABILITY.md
2380,49,- rate limits,Partial milestone completion,REQUIREMENTS_TRACEABILITY.md
2381,49,- backup/restore,Partial milestone completion,REQUIREMENTS_TRACEABILITY.md
2382,49,- Docker,Partial milestone completion,REQUIREMENTS_TRACEABILITY.md
2383,49,- Nginx,Partial milestone completion,REQUIREMENTS_TRACEABILITY.md
2384,49,- health checks,Partial milestone completion,REQUIREMENTS_TRACEABILITY.md
2385,49,- docs,Partial milestone completion,REQUIREMENTS_TRACEABILITY.md
2386,49,- deployment,Partial milestone completion,REQUIREMENTS_TRACEABILITY.md
2387,49,- full regression,Partial milestone completion,REQUIREMENTS_TRACEABILITY.md
2388,49,- browser/mobile/RTL QA,Partial milestone completion,REQUIREMENTS_TRACEABILITY.md
2390,49,## Milestone 12 — Final acceptance,Partial milestone completion,REQUIREMENTS_TRACEABILITY.md
2391,49,- fresh clone installation test,Partial milestone completion,REQUIREMENTS_TRACEABILITY.md
2392,49,- empty DB migration test,Partial milestone completion,REQUIREMENTS_TRACEABILITY.md
2393,49,- demo seed test,Partial milestone completion,REQUIREMENTS_TRACEABILITY.md
2394,49,- production build,Partial milestone completion,REQUIREMENTS_TRACEABILITY.md
2395,49,- complete tests,Partial milestone completion,REQUIREMENTS_TRACEABILITY.md
2396,49,- final QA report,Partial milestone completion,REQUIREMENTS_TRACEABILITY.md
2397,49,- package final standalone ZIP,Partial milestone completion,REQUIREMENTS_TRACEABILITY.md
2399,49,Do not declare Milestone 12 complete if any blocking test or build is failing.,Partial milestone completion,REQUIREMENTS_TRACEABILITY.md
2401,49,---,Partial milestone completion,REQUIREMENTS_TRACEABILITY.md
2403,50,# 50. DEFINITION OF DONE,Not fully production accepted,KNOWN_LIMITATIONS.md
2405,50,The platform is considered ready only when a new engineer can:,Not fully production accepted,KNOWN_LIMITATIONS.md
2407,50,1. clone/unzip it;,Not fully production accepted,KNOWN_LIMITATIONS.md
2408,50,2. follow README;,Not fully production accepted,KNOWN_LIMITATIONS.md
2409,50,3. set environment variables;,Not fully production accepted,KNOWN_LIMITATIONS.md
2410,50,4. migrate an empty SQLite DB;,Not fully production accepted,KNOWN_LIMITATIONS.md
2411,50,5. create an admin;,Not fully production accepted,KNOWN_LIMITATIONS.md
2412,50,6. seed demo data;,Not fully production accepted,KNOWN_LIMITATIONS.md
2413,50,7. run Django + React locally;,Not fully production accepted,KNOWN_LIMITATIONS.md
2414,50,8. log in;,Not fully production accepted,KNOWN_LIMITATIONS.md
2415,50,9. create users/workspaces;,Not fully production accepted,KNOWN_LIMITATIONS.md
2416,50,10. create a creative request;,Not fully production accepted,KNOWN_LIMITATIONS.md
2417,50,11. assign an editor;,Not fully production accepted,KNOWN_LIMITATIONS.md
2418,50,12. submit/review/approve creative versions;,Not fully production accepted,KNOWN_LIMITATIONS.md
2419,50,13. manage files;,Not fully production accepted,KNOWN_LIMITATIONS.md
2420,50,14. connect or configure Google Drive following docs;,Not fully production accepted,KNOWN_LIMITATIONS.md
2421,50,15. sync/upload using Drive;,Not fully production accepted,KNOWN_LIMITATIONS.md
2422,50,16. create a deployment;,Not fully production accepted,KNOWN_LIMITATIONS.md
2423,50,17. store/sync performance;,Not fully production accepted,KNOWN_LIMITATIONS.md
2424,50,18. create an experiment;,Not fully production accepted,KNOWN_LIMITATIONS.md
2425,50,19. use context/library/search;,Not fully production accepted,KNOWN_LIMITATIONS.md
2426,50,20. view notifications/audit;,Not fully production accepted,KNOWN_LIMITATIONS.md
2427,50,21. run worker;,Not fully production accepted,KNOWN_LIMITATIONS.md
2428,50,22. create/restore a backup;,Not fully production accepted,KNOWN_LIMITATIONS.md
2429,50,23. build and deploy production artifacts.,Not fully production accepted,KNOWN_LIMITATIONS.md
2431,50,No critical workflow should require editing the database manually.,Not fully production accepted,KNOWN_LIMITATIONS.md
2433,50,---,Not fully production accepted,KNOWN_LIMITATIONS.md
2435,51,# 51. NON-NEGOTIABLE ANTI-PATTERNS,Core anti-patterns guarded; verify remaining scope,backend/tests; SECURITY.md
2437,51,Do NOT:,Core anti-patterns guarded; verify remaining scope,backend/tests; SECURITY.md
2439,51,- build only UI mockups;,Core anti-patterns guarded; verify remaining scope,backend/tests; SECURITY.md
2440,51,- leave buttons disconnected;,Core anti-patterns guarded; verify remaining scope,backend/tests; SECURITY.md
2441,51,- hard-code demo IDs;,Core anti-patterns guarded; verify remaining scope,backend/tests; SECURITY.md
2442,51,- use localStorage for authentication tokens;,Core anti-patterns guarded; verify remaining scope,backend/tests; SECURITY.md
2443,51,- trust frontend role checks;,Core anti-patterns guarded; verify remaining scope,backend/tests; SECURITY.md
2444,51,- put all business logic in serializers/views;,Core anti-patterns guarded; verify remaining scope,backend/tests; SECURITY.md
2445,51,- execute provider API calls in DB transactions;,Core anti-patterns guarded; verify remaining scope,backend/tests; SECURITY.md
2446,51,- call external APIs synchronously from long user requests where a job is appropriate;,Core anti-patterns guarded; verify remaining scope,backend/tests; SECURITY.md
2447,51,- mark failed integrations successful;,Core anti-patterns guarded; verify remaining scope,backend/tests; SECURITY.md
2448,51,- generate fake provider IDs;,Core anti-patterns guarded; verify remaining scope,backend/tests; SECURITY.md
2449,51,- silently use a mock provider in production;,Core anti-patterns guarded; verify remaining scope,backend/tests; SECURITY.md
2450,51,- use filename as Google Drive identity;,Core anti-patterns guarded; verify remaining scope,backend/tests; SECURITY.md
2451,51,- assume folder path is permanent;,Core anti-patterns guarded; verify remaining scope,backend/tests; SECURITY.md
2452,51,- overwrite history;,Core anti-patterns guarded; verify remaining scope,backend/tests; SECURITY.md
2453,51,- hard-delete audit history;,Core anti-patterns guarded; verify remaining scope,backend/tests; SECURITY.md
2454,51,- expose OAuth tokens;,Core anti-patterns guarded; verify remaining scope,backend/tests; SECURITY.md
2455,51,- make SQLite run on a network share;,Core anti-patterns guarded; verify remaining scope,backend/tests; SECURITY.md
2456,51,- call a feature complete without tests;,Core anti-patterns guarded; verify remaining scope,backend/tests; SECURITY.md
2457,51,- replace the source module with a superficial rewrite.,Core anti-patterns guarded; verify remaining scope,backend/tests; SECURITY.md
2459,51,---,Core anti-patterns guarded; verify remaining scope,backend/tests; SECURITY.md
2461,52,# 52. ENGINEERING JUDGMENT AUTHORITY,Architecture choices documented,ARCHITECTURE.md
2463,52,You are explicitly authorized to improve the legacy architecture where necessary.,Architecture choices documented,ARCHITECTURE.md
2465,52,You may:,Architecture choices documented,ARCHITECTURE.md
2466,52,- normalize poor schema choices;,Architecture choices documented,ARCHITECTURE.md
2467,52,- rename internal Python classes for clarity;,Architecture choices documented,ARCHITECTURE.md
2468,52,- split services;,Architecture choices documented,ARCHITECTURE.md
2469,52,- merge redundant legacy tables when history is preserved;,Architecture choices documented,ARCHITECTURE.md
2470,52,- improve API design;,Architecture choices documented,ARCHITECTURE.md
2471,52,- improve UX;,Architecture choices documented,ARCHITECTURE.md
2472,52,- add missing constraints;,Architecture choices documented,ARCHITECTURE.md
2473,52,- add audit fields;,Architecture choices documented,ARCHITECTURE.md
2474,52,- add job infrastructure;,Architecture choices documented,ARCHITECTURE.md
2475,52,- add health/security/deployment functionality;,Architecture choices documented,ARCHITECTURE.md
2476,52,- replace legacy patterns with Django best practices.,Architecture choices documented,ARCHITECTURE.md
2478,52,However:,Architecture choices documented,ARCHITECTURE.md
2480,52,- preserve the user-visible business capability unless there is a strong reason not to;,Architecture choices documented,ARCHITECTURE.md
2481,52,- document any intentionally removed legacy behavior;,Architecture choices documented,ARCHITECTURE.md
2482,52,- do not remove a feature just because porting it is difficult;,Architecture choices documented,ARCHITECTURE.md
2483,52,- do not invent business behavior that conflicts with the source workflow.,Architecture choices documented,ARCHITECTURE.md
2485,52,---,Architecture choices documented,ARCHITECTURE.md
2487,53,# 53. FINAL CODEX RESPONSE FORMAT,Report delivered,FINAL_QA_REPORT.md
2489,53,"When implementation is finished, return a concise final report containing:",Report delivered,FINAL_QA_REPORT.md
2491,53,## Delivered,Report delivered,FINAL_QA_REPORT.md
2492,53,A feature-by-feature completion summary.,Report delivered,FINAL_QA_REPORT.md
2494,53,## Architecture,Report delivered,FINAL_QA_REPORT.md
2495,53,Actual final stack and major design choices.,Report delivered,FINAL_QA_REPORT.md
2497,53,## Tests,Report delivered,FINAL_QA_REPORT.md
2498,53,Exact commands run and results.,Report delivered,FINAL_QA_REPORT.md
2500,53,## Known limitations,Report delivered,FINAL_QA_REPORT.md
2501,53,Only real remaining limitations.,Report delivered,FINAL_QA_REPORT.md
2503,53,## External setup still required,Report delivered,FINAL_QA_REPORT.md
2504,53,For example provider credentials or Google Cloud OAuth approval.,Report delivered,FINAL_QA_REPORT.md
2506,53,## Run locally,Report delivered,FINAL_QA_REPORT.md
2507,53,Exact Windows commands.,Report delivered,FINAL_QA_REPORT.md
2509,53,## Deploy,Report delivered,FINAL_QA_REPORT.md
2510,53,Exact production path.,Report delivered,FINAL_QA_REPORT.md
2512,53,## Files,Report delivered,FINAL_QA_REPORT.md
2513,53,Links/paths to:,Report delivered,FINAL_QA_REPORT.md
2514,53,- final ZIP,Report delivered,FINAL_QA_REPORT.md
2515,53,- README,Report delivered,FINAL_QA_REPORT.md
2516,53,- final QA report,Report delivered,FINAL_QA_REPORT.md
2517,53,- migration report if created,Report delivered,FINAL_QA_REPORT.md
2519,53,Do not hide failed tests.,Report delivered,FINAL_QA_REPORT.md
2521,53,"Do not say “production ready” if critical tests, migrations, authentication, permissions, or persistence are incomplete.",Report delivered,FINAL_QA_REPORT.md
2523,53,---,Report delivered,FINAL_QA_REPORT.md
2525,54,# 54. START NOW,Implementation performed; full parity incomplete,README.md
2527,54,Start by unpacking and deeply auditing:,Implementation performed; full parity incomplete,README.md
2529,54,`CreativeManager-v7.2.19-tested-youtube-resumable.zip`,Implementation performed; full parity incomplete,README.md
2531,54,Then create the standalone Django/React project and continue automatically through the milestones.,Implementation performed; full parity incomplete,README.md
2533,54,The reference ZIP is immutable input. Do not overwrite it.,Implementation performed; full parity incomplete,README.md
2535,54,The final product must be independent of the old PHP Core Platform.,Implementation performed; full parity incomplete,README.md
2537,54,"Build the complete application, test it thoroughly, and leave it in a state that can actually be used and deployed.",Implementation performed; full parity incomplete,README.md
